,0,1,2,3,4,5,6,7,8,9,y
TCGA-LL-A9Q3,-199.3123593508994,-111.9876172404649,0.7739620287223411,-27.50611603018068,-80.98878869473569,25.73505674887331,-7.214539965901185,-41.63369975364031,-14.735259263759616,-13.26619795484093,LumA
TCGA-E9-A54X,-233.41637999243926,62.57796581636278,-58.994686941086556,108.61230727532012,-22.350024457777565,8.579328671859383,-21.394572520994622,27.727283644227864,-68.73200963326714,-91.14230390382137,LumB
TCGA-E2-A1B1,212.01012711816898,9.373606864062213,69.9557332612397,-53.17504372026997,163.91861048265338,-32.314318408241036,-4.56528457465791,33.36865184587643,9.732874395346467,-11.941329124740621,LumA
TCGA-OL-A66O,-123.2145179322665,-17.874937574648868,192.45984958998773,60.95621400248862,38.85942840612908,43.51311068456361,-12.064791718474973,-0.7005143077118637,-31.65871681638492,15.468963113909926,LumA
TCGA-GM-A5PX,-131.62248199433714,-148.62084025268666,-49.79196133016834,56.216048743869294,-28.638855704347037,-41.676500275213975,58.774248041118945,-8.159226238093943,10.56448856361955,16.730136323075474,LumA
TCGA-S3-A6ZH,-58.27135324975867,29.086029876905688,55.31385253262662,-26.1484025637866,25.081260306004296,21.05422434716947,-68.91368091973338,33.21513049417657,-19.3176417898041,30.84314404435046,LumA
TCGA-AC-A5XU,-84.60743093319363,-16.704391903194423,21.080839940267214,-16.89984408610748,-40.770157568146054,21.289851644914464,-76.62327759001404,1.50721121160075,-16.04423731016181,-25.13710321427708,LumA
TCGA-AR-A24M,7.648666443060914,20.69930786782874,-91.37700805855465,-6.406007715194665,62.319746808242456,-92.6794325190598,16.982935412469455,46.39406026537403,-31.758053652703786,37.943361549923154,LumA
TCGA-LD-A66U,-6.177765331053704,-128.4812638642974,175.5400135836892,21.3700600186506,22.624876146160208,-41.67043832687977,14.209572719426216,32.38871581138386,-3.39381500274616,-0.9046515548600736,LumA
TCGA-BH-A0GZ,-69.90166513863187,-37.05940979667135,-15.974290576424293,-5.426446165794317,4.715522096536238,-51.02420388493301,-10.869095353684477,-69.59433580889636,-27.52423595735756,-3.8363302505650236,LumA
TCGA-BH-A0HX,-52.03783618649529,-15.27753446700563,-29.637642307374673,-47.654841250677705,19.961345113722555,15.974096037608735,-75.55963379759474,-56.707823054793266,-23.992460040039905,30.16256914970971,LumA
TCGA-B6-A0X7,69.63245805069786,24.925513811940164,-11.18919235095787,80.91851274579706,15.259296896394597,-33.656210673554966,13.550491387280625,-31.86713606003161,6.961382798566055,30.835677877935492,LumA
TCGA-D8-A1X7,-46.47941768361197,82.54292205807768,-108.03820110627672,-10.758420567804245,0.771046281680237,-10.564874715715984,16.548299319630395,74.98065639508708,7.90988873420036,-4.566008949316054,LumB
TCGA-BH-A0W5,130.11172754358063,-54.450499897011504,18.25262668610977,-53.89721621963492,-61.228886937504136,-10.322714851142885,14.667352797072136,29.88387681989058,-28.791897751621363,-17.563583879438195,LumA
TCGA-D8-A1JC,37.03428430281668,70.86575218486784,11.73516010266752,-91.77762365449392,21.239875952176465,-5.135406730979589,-63.979735462289845,-53.323721614025935,-14.629033258468759,20.097023760656707,LumB
TCGA-BH-A0DQ,7.588933877697986,-7.088705404607071,-31.307398569387175,-7.75002190581592,6.610156087066924,-0.4048395992048016,14.380171483962817,-31.306384274573453,2.256223738253936,86.14303813301923,LumA
TCGA-AO-A12B,-222.8496923534524,-4.916315675958903,-54.81656815279371,36.35115015586894,15.504473450087724,35.62962094960291,2.4208092382939492,126.59052658780196,-17.08796498703398,-47.62896251329852,LumA
TCGA-AR-A1AU,70.06952944076794,-10.649083852870382,-33.66170981349093,22.118319591526166,14.030475979018952,-1.6120748648691294,-82.61809608504437,-38.33155242389968,-25.94399247280097,-23.63905311075794,LumA
TCGA-E2-A1B5,23.27548113151185,-148.855562621246,29.648119352566106,-100.75428524275351,63.58752587676125,47.184721196661755,66.56467711584094,86.40099548753692,-14.626721953722004,-20.740604413462716,LumA
TCGA-B6-A0RV,26.267526869057708,-52.94120708879089,-30.0232691750052,-4.630713362066202,-11.107807261088153,-6.127256551846211,-11.60440966154054,40.38324978265067,-62.45396350535301,-13.427057493128387,LumA
TCGA-A2-A25D,-6.343227891144462,-43.32548074008748,25.785611561928597,-63.31276370472988,7.934361692283592,61.07994610205295,62.1848450483569,24.046087871024916,-19.00908988404011,-9.553728284141332,LumA
TCGA-AO-A0JG,89.61857596984069,5.443749667259516,-8.709418306763567,-21.001660255604836,2.864335182324057,52.90579845840041,-9.291461660060284,30.191425808559025,-2.2986027207077266,-14.849563038530588,LumA
TCGA-EW-A424,22.413968092284396,-17.759497277532518,86.56604246362006,98.06086156265067,-32.186633024426314,-40.32935103674722,-24.064506313774597,-37.07919590448284,-8.934839500235709,-19.63063759295229,LumA
TCGA-A2-A0YL,84.0680533668946,-56.56113836810243,-70.42885642575251,18.370524285078965,1.410606762641835,-47.345104065938834,-29.61247839948054,15.766175115387284,-50.605588616140324,2.536109607789584,LumA
TCGA-E2-A570,-70.40670321950508,-14.334702789691972,93.97793892269179,51.011524640743325,57.22829337409386,-130.04178429064058,3.514133424201185,-29.877480278849454,33.01250633942023,-24.436287167646963,LumA
TCGA-AC-A3TM,-118.24408653841826,-117.72465607079286,149.3777120516755,55.73393813652405,17.076086858500286,-53.8025617225792,62.24460666111719,-29.69636689652063,-43.15360353812791,-30.548250518935284,LumA
TCGA-BH-A8G0,118.570486909296,-101.93303539959224,21.507347616796956,29.130248636936628,-52.82217219474682,-32.472962024788366,-20.923288400934783,24.072819297793924,19.63360720774294,-14.97593338940439,LumA
TCGA-BH-A0DS,-62.06667508620085,-39.920866984334296,-10.97408181955708,-42.01761155070682,-14.585583342735028,-32.87234867978839,42.648177198627394,-14.525741076246955,24.91000206578069,-17.244996698847377,LumA
TCGA-OL-A5D8,-16.225925745166222,63.3172784652625,118.10124206758059,17.842223809051198,-34.02757003669586,-1.3452645336389268,-49.87052018307254,-24.818998378596074,17.19191576163639,-41.216749772325976,LumA
TCGA-PE-A5DC,-40.002727260001684,23.432830158773765,136.25488122292526,37.0257314219164,47.54606073536405,5.228883201172868,-69.6654063801132,-35.466569011097704,31.1709347537224,38.632381114307776,LumA
TCGA-A8-A075,-32.81292420475564,19.700154168764808,-5.309077390339195,-110.65879771056372,-34.708623237567124,-21.483370358700196,-6.307257354683059,-29.02514387999646,-2.6947022522165933,2.6356118239907818,LumB
TCGA-D8-A1X5,-63.2142913391199,90.07753919677913,-67.63226252658258,-80.87861135878772,-48.59007858658154,10.695048931251176,5.511913786986117,-12.394172584734452,17.799828854866952,51.50660112870899,LumB
TCGA-AR-A2LK,11.395315945675637,90.3454843957941,81.12382404374465,-62.79598346323609,115.73574826731563,-44.78852449734719,-24.678364431850827,18.90819351933478,29.825394850991405,18.921856417674295,LumB
TCGA-AQ-A04H,-69.40751350212152,87.0345378495702,-55.33097443984207,-29.44701013093119,-26.634498760583035,84.05950080076431,-48.67639565565827,-8.07842753104496,13.778182560421179,43.803937274631096,LumB
TCGA-E9-A1R7,-53.11510249445157,64.75704134093083,-31.127390498269193,-36.474727586176066,80.91463819508469,10.69927572041315,-59.50645678359807,9.363956898997158,-11.062894280082922,40.48140184982073,LumB
TCGA-AR-A1AW,168.52581767762945,3.166577931082764,41.83911388787531,-128.5163725747378,-89.57398843882153,82.6143118831566,34.481045562171786,37.372128323428676,-7.082287820364432,-69.14469330393844,LumB
TCGA-AO-A03N,-262.96936129576346,-51.81901381845864,-91.4906292343909,-20.985158073773945,20.281645258547805,-57.00011143237921,104.60262421156082,-85.66367077760957,-63.80244475950331,60.48430787761546,LumB
TCGA-AR-A1AS,-214.02394029054122,27.317225838399033,-69.20955696262536,10.36817177321995,14.829839856132264,-87.3239899140186,19.624729139848156,-0.4613646345714087,2.8182175149819417,13.03088906308994,LumA
TCGA-AR-A1AM,129.29939650635365,-40.40357780582686,53.666564334188784,51.59992930273334,-27.42053804264143,-35.80623935797052,-19.535363523558686,10.802210986492558,-32.48467803970312,21.06039511721521,LumA
TCGA-AR-A5QP,32.259610082551106,-116.73617884085611,-3.179474928771977,40.532831104375894,-49.13870691566265,-38.3111297003456,-42.478064368846226,-19.656603945787676,-40.22794064059973,-14.866579835958532,LumA
TCGA-D8-A1JH,133.13303577700555,-2.0539527466639074,-16.221229770503836,-9.037217581600762,16.83226727438674,-38.21701844989383,-29.15442393427077,9.275305107307625,32.595673012122866,-7.980426107912905,LumA
TCGA-AR-A2LO,110.26586426141115,-46.5793246079236,-24.832029832170942,0.2802727280230834,-86.87295049345616,22.605635648276124,-20.819645984866153,-9.653980691817356,-34.3440211130849,-7.231944761938602,LumA
TCGA-D8-A1Y0,146.21681137383155,51.57706958254558,27.24596074831631,-54.38472075064267,13.724732212765698,9.351624938404104,-3.1949901925266055,22.310854573895732,18.5324216216034,16.187965310564355,LumA
TCGA-E2-A576,-56.17232607546195,3.502015883483597,195.4433841835209,61.73041996909571,16.30104359099962,78.5471837314767,100.49114110204918,-92.1510542562461,-47.59105242906621,29.18564858374499,LumA
TCGA-AC-A2FM,-33.6677972803463,52.344953328402326,21.904987924856467,41.60648521858996,-24.23935044196107,86.87650625897282,-111.10368207277381,-50.22890610757713,23.969556081206708,2.2470850134733165,LumA
TCGA-EW-A1PA,86.25769799277599,43.08548747737166,46.17364354308281,-11.333990990402105,-25.58508909777987,47.590770087611375,-43.55995513219358,-11.62058784502987,-26.340123101311313,-15.308193417711689,LumA
TCGA-A2-A25C,97.14653708594535,81.54920976194784,18.92248748844188,-63.08209234526167,31.15443886897879,-22.231739084146415,-7.2975117156704306,34.18575260871371,11.067212118871769,24.994922310371926,LumB
TCGA-S3-A6ZF,38.0922833351729,46.60965921560704,85.01728262195911,-77.94504486928797,6.702453514996126,-28.25236477273456,-41.75563109322273,-25.514393385973683,14.809123811616706,-1.1124683480627398,LumB
TCGA-E2-A1IG,-80.18700180018193,20.046710481865865,-37.58125741568071,1.7511409861663552,13.34393428180386,-20.285808649734143,-68.72327207076815,-46.705496024949156,12.664230342323005,3.1085386993334954,LumA
TCGA-AR-A2LE,-10.757351316557052,67.87294413085672,-10.378649097663176,18.13689934359764,55.68084859779104,-21.820421947860048,9.91246771366074,81.02487658283636,26.37280008346462,44.06317170995418,LumA
TCGA-D8-A1XL,-95.56561862832841,-58.59016341232878,75.38457829132743,-90.29083291997858,-13.20992017606302,17.43560207089462,33.14859451907115,31.453301784559454,-35.635728592991434,-71.2994745035896,LumB
TCGA-BH-A1FL,47.113615064085366,80.91978003874286,9.294902016320624,44.11676020999941,-43.193421699953475,-23.81847945720791,16.499529548231127,10.049163987781851,17.879070774802663,25.57792734176212,LumA
TCGA-E9-A1RF,14.11754350553052,43.23893545757183,20.541011494546083,-70.94923402989278,-8.531441135446551,3.6692700503485414,29.46933277340529,-45.25379188080024,20.07357712553122,-12.316688049412221,LumA
TCGA-EW-A423,-70.88186493921988,1.8560275277070877,97.62018715457978,57.849224145772276,-70.47220263905156,14.115499557928798,9.842560712839418,-32.49341227897584,16.537888735798877,24.15759179791723,LumA
TCGA-E9-A1RE,-39.00633890905341,99.11497402553057,4.36421124732611,-41.877919319439066,-4.300353205605555,78.43785405671146,-52.79185218411876,-22.745720171464924,1.6818693437121406,47.70924074363899,LumB
TCGA-OL-A66N,-71.93013913792446,-174.2231109542412,101.125679152573,16.51643497662269,35.13471200755182,-23.755884464541385,23.902379152589194,18.550339802927795,1.77793505485733,-2.781106872294242,LumA
TCGA-D8-A73W,10.402626241783473,71.21477703578164,-32.60019154513759,9.73923836646391,-53.68925040724639,6.885801729133067,38.81950564766901,38.900262754045805,93.73067257624224,-35.42921295858066,LumA
TCGA-EW-A1OZ,-80.46048380381956,27.26692713394248,32.00891997246368,-59.360839799779065,3.8309651230783786,28.430172069538337,-5.55790723100365,-48.42008062289534,22.032795868116462,8.345242110710668,LumB
TCGA-A2-A0T7,64.01127122783568,-20.84485772211599,-33.27653527793695,-26.331627000762623,0.9854315947832225,-52.92510665341567,-52.5982194106722,-86.32598481728256,-16.058505035939586,-26.72320569698742,LumA
TCGA-A2-A4S0,-106.86009776722125,90.7721119797666,-101.72557776679012,109.64651133889323,-83.22802198162879,53.32080990632684,-34.385629038206694,92.00193210624883,34.24822885704383,-107.01292673724797,LumA
TCGA-OK-A5Q2,81.2141511847589,-87.72592115344669,95.53445608605314,-14.213880764473188,-10.133627099610543,-23.555319103209026,-40.86072183434894,9.274970613840125,33.53064061827621,-8.432983627189817,LumA
TCGA-5L-AAT0,-21.03357501019289,-106.72489815231923,-20.966642981841524,14.459010533606708,-107.37384933968416,-38.40302827472399,4.816053347893347,-2.1195285591236748,-32.830721070381,14.924681978433442,LumA
TCGA-AC-A3OD,392.9783214933301,247.31788621059812,75.31321531177475,13.165496061005086,75.86255502975646,130.83501086439912,354.6604819825547,-76.28880885663553,-163.09385923352733,-34.84140810447143,LumA
TCGA-A2-A25E,17.91149793866011,112.30159514983431,-12.20043578518812,-29.485866086197834,25.72304691549474,55.51863781632765,20.801644026577495,0.15274446146523055,-51.68782684285515,17.888088119616814,LumB
TCGA-B6-A408,105.53216733044187,27.182915292180642,265.5557128995722,-36.39682420411002,122.16285583083817,-38.64659857213744,-13.959673572244261,63.75336580673435,52.26537646657896,-6.2100485733752695,LumA
TCGA-GI-A2C8,-142.74467223758742,-67.78275519945464,-224.83088190622195,35.96132346675672,132.43279735019132,176.54125959681312,56.15682043933462,-53.25499093941421,137.02894014083,-18.14984231865434,LumA
TCGA-XX-A899,139.2974046212421,-57.22386056080861,-8.068712194945507,-6.820046279415525,-102.30777072942819,38.22168947403757,-11.983790589667546,-14.865863401355176,56.38953704127843,-36.163403301690764,LumA
TCGA-B6-A0RP,-1.5515224240295036,42.73574703093391,-57.759408118222424,5.408886670999257,-62.66840231772393,-32.226733999716934,48.02813019318003,51.7845670003042,58.74913371340718,23.66783561591272,LumA
TCGA-AO-A126,-120.53784354403624,-43.16329292144869,5.672083902636056,42.17591586455431,2.02709428219135,-5.473863711907135,74.65216865372973,-37.553439150723435,4.910031639524088,-19.976366524772935,LumA
TCGA-AC-A8OR,-166.35272055536333,38.55008539555208,-82.39033175247582,100.6886843527747,-69.21688576827619,16.79478377452542,-36.78222020284294,53.29033560161914,2.7610095127750127,-103.89982444817608,LumA
TCGA-BH-A1FN,-3.732032009761256,81.61125450443988,8.877768017911409,-27.510276853636384,114.0784716453959,-64.91158239289668,-13.592174594150057,-62.39029081252968,23.98459220530141,-70.7739368663455,LumB
TCGA-BH-A0BM,-16.77712909462117,-160.48010401143443,-101.29205781380193,107.91010778198013,73.17182220639681,3.1525724046902566,-58.79672184917951,-13.442309279964103,-83.8734064388812,-20.320747756722845,LumA
TCGA-BH-A1FE,144.34958633532793,19.270864426474564,-29.89093558710575,-93.33370870918303,31.228097987541695,-17.602185163712505,47.497433106254114,-5.599930274334068,-47.99047877729513,-23.38790880459836,LumA
TCGA-AC-A3W7,98.66687431114995,4.086196588635669,50.969885587701775,85.39097935829045,-57.21239257414184,-64.84400959725576,-24.421217524130395,-36.76500754394743,53.44009485559853,21.382865730338967,LumA
TCGA-E9-A1NA,-74.8077058389023,9.771758334597155,0.754717775276364,-86.26968912893491,14.185210058616907,-6.211833131191336,-38.836656626837694,-42.954606707755524,48.106052693769826,-54.08220637276671,LumB
TCGA-AC-A2B8,122.76426931847504,52.566717524053736,-20.506073192235434,-7.163483519441743,-13.59569044233445,-37.87938117313152,59.9697328627431,-17.654828428964272,63.306054168392386,16.579980036816828,LumA
TCGA-EW-A1PF,76.33909248292017,0.8737769969365096,10.995677995551178,-48.59387937583196,34.28874774625997,-23.383700913243906,-61.30794118118416,8.19235952527836,14.268162289884463,19.746100131195462,LumA
TCGA-E9-A226,-187.16268079314474,11.375095647555838,-194.41535593525145,-48.693332441525314,-4.5013305839522895,-51.787662540297525,32.176882436702506,-41.379052038673706,-53.045395166240525,24.26744699893822,LumB
TCGA-C8-A1HN,-98.40619471500308,94.55630836037058,18.578021968414347,-48.74868714450335,43.250931428065925,12.027488917852677,-29.272128791721318,-7.988654914560271,-1.3682082092570056,-18.13050874958609,LumB
TCGA-OL-A5RU,59.71831898962279,-81.5338608134884,79.30105005218022,-14.154061583043202,-16.822191763325538,-12.136055400981459,-10.969228485005653,92.20180616843014,-10.773328977340142,11.849857090520077,LumA
TCGA-A7-A3IY,-30.63123844662055,-30.06661752703862,-15.157159406873266,41.24139746387178,37.63425256952388,-27.265554596044417,56.96300902952544,13.842964426602267,-16.379564977807433,-104.51452151442885,LumA
TCGA-BH-A0HY,-86.0956734655877,32.53504385598444,-70.34334019582202,-19.712601865909086,-26.614724835298258,-7.32582271134159,10.40667720752791,-76.84195530247113,16.498725634653017,10.961636344954517,LumB
TCGA-E9-A1N5,12.583459233337008,53.172095201857,-24.197416420919183,-18.487457184709843,-47.18420902844223,-22.24223199385235,6.016719588119399,1.8564127788333493,55.76036925313619,-14.02289593662029,LumA
TCGA-BH-A1FD,-40.9635214119742,104.29784106731577,-15.432978328518995,-47.64619057985678,29.415809453573026,-24.035554691212166,23.220102983966466,-42.20178447206411,46.585835045724295,-60.219361291487914,LumB
TCGA-A2-A3KC,113.1336253870133,-19.52994676955019,-11.583332894555031,23.2380078296955,-56.40345648388888,-10.268453179336102,-27.49098432395399,-22.6979983936419,-14.589491727735204,30.264535726820167,LumA
TCGA-E9-A1RD,138.87789648476306,-84.21136451472219,-108.52207468517801,74.9218622979237,84.81075385304604,95.9018136146215,32.46437094127981,-34.28039494126291,114.69865970666733,-2.5209594664004618,LumA
TCGA-GM-A2DN,28.348252315111637,-68.82523201113425,-12.841610920766767,-52.96963254567094,-65.04496227159524,-45.43013878791898,27.0800271635464,39.87233469346987,-46.34884621095443,-46.02069110818975,LumA
TCGA-AC-A7VB,-76.67939869646754,133.63838111842907,88.59758887643942,51.46367680735454,-20.198712938165166,99.87923888298631,-69.14620519790503,-57.88184056526166,33.4238736115797,13.439352838540108,LumB
TCGA-GM-A2D9,-53.0312032169165,19.429064377796358,-15.876403740074203,52.6160499654048,-84.4835153965447,-22.97511139102553,75.05943725664217,-47.52984966828196,9.970069647095011,43.34260888133581,LumA
TCGA-B6-A40B,-59.54120999113393,-30.300154047369123,63.71602627145291,23.597548738600413,-37.39967237389491,-70.29446512270617,13.29007919345342,-47.73425120045334,32.29964129723535,27.63294870358626,LumA
TCGA-E2-A3DX,146.98646707824398,-66.58991913664958,-26.2854879332475,-35.5326332211464,-61.1941412403636,6.856342759904967,15.431116759097064,49.16055340138189,29.637379211577585,-1.3461204114461123,LumA
TCGA-AO-A0JM,-178.40783453320302,-22.919570524847188,-73.36582733263293,-81.59897470969274,34.11127144153317,-17.27272921856857,15.507020615052058,-22.057469240252406,10.299868182678217,51.64715411890166,LumB
TCGA-E2-A56Z,-150.25391211760999,19.517156660062895,107.99884252237071,23.183437250777484,85.8854494818055,29.555326983271843,-38.74281575376514,5.976340852840384,-2.03606319197791,-16.14681886217758,LumB
TCGA-D8-A27L,184.01091929160285,32.432771730198674,52.80937759036548,-32.46390388506074,9.733904234882162,-59.73693072978763,-6.482948885703004,-15.911882664856456,-16.413956099095287,6.5309502595930855,LumA
TCGA-E2-A2P5,-90.14301999833752,2.0147646984764305,14.907395058136657,-0.9325435549026623,-19.331718697757438,-26.42200294852267,22.85640690159602,-45.98919047038268,17.682672261829758,8.140136725995664,LumA
TCGA-LL-A50Y,-233.16398499544334,-119.6100476214089,6.710807444812387,27.32625465677372,-69.55338034821617,-16.235447174944724,82.49786398703333,44.17729271458355,-26.86638088553252,15.453993367789815,LumA
TCGA-S3-AA14,46.6500256595027,-2.3648818178446294,-54.57823607355555,45.89065280328171,-92.71005300496637,3.9521638509015724,-39.668681945955356,-42.77910230183546,-19.37624470776791,27.879562500680496,LumA
TCGA-5T-A9QA,-241.15672653292205,31.56602422569216,-26.0481642944737,40.173531324395256,-78.00649435326152,99.10681695995724,-25.11417843558327,-47.54346587662735,-24.616213532689432,-61.947139209695045,LumB
TCGA-D8-A1XU,43.51652454137604,53.75696527588915,-11.23199680818583,-20.43126818474832,26.067467727200636,-43.23998894747096,9.408487059022006,-8.676270149444727,17.73193905862394,3.5111562831934378,LumA
TCGA-E9-A1RC,64.80724067854428,-69.25833646559606,-179.25827357956032,56.52953737980203,97.78555583661264,183.01556223153943,67.65246295590676,-64.72162905755168,202.21897445895684,-16.49850528610604,LumA
TCGA-EW-A1P6,-69.6859152870894,-4.537594904358229,2.6250485573281894,-27.934006197313956,19.16931200364099,-69.52205436699352,-32.923968921887024,12.311218384451083,-36.39280606815253,32.17029147269829,LumA
TCGA-AC-A2QI,5.7545925563093,-31.614603311463576,-23.692551807539648,-7.542411514811596,-44.02716006313117,-29.55155824804096,10.107450774311427,43.55425064897948,34.35736343558597,63.6258265271573,LumA
TCGA-AC-A2FO,89.61647783067468,-78.9002841253292,29.281821748560326,-34.727966691834524,-1.1326340757598172,22.04131332704209,-31.02552454139257,41.42402793579292,7.626952342573976,40.032881262449756,LumA
TCGA-BH-A0BC,-1.5439568669918362,-52.19913233597632,-20.357255400549363,-52.66581246288844,17.932612675524485,-27.621602954504404,16.315447090299322,44.628430080283344,0.21688497624186018,18.66727923100246,LumA
TCGA-LL-A6FP,-248.15037680784218,11.550969718859202,98.42044876948567,87.85941132609969,82.68666715113977,2.7180768367754937,19.168483673093373,46.53676610128895,-4.192923669336116,115.74571337221573,LumA
TCGA-W8-A86G,80.86189665351068,-15.4477697831662,45.33505549721507,168.388494640722,-83.7225856033564,-32.50146969476957,-4.986924285638164,-64.08129757807083,-22.605420861588154,-14.918956350970296,LumA
TCGA-AC-A23C,141.1395537300098,66.29021575461641,41.196154015954086,-52.02288478750729,9.285166594711637,-19.931861166303506,12.297366878603443,-10.735971957777199,-8.234271701531075,11.04164516436877,LumA
TCGA-GM-A2DC,-114.843134106905,19.12253597859348,1.7334415924389817,36.60334316200796,-72.69050407430701,82.10200196987817,-5.3005825708089205,-24.745866412301314,-17.511358305580508,-20.654660732298517,LumA
TCGA-BH-A0B8,56.326890939413005,-93.35532137471253,-153.1501533087124,68.51023856911554,160.81083327868296,153.44436620066583,23.261038007992774,-58.78636148406522,171.01056445247298,43.28461464796847,LumA
TCGA-AO-A0JF,16.579495907042045,-40.42433170873812,-113.49939296598501,-34.54450198653648,13.796031556860061,-40.2226963425297,32.82001029992971,7.461213221742714,39.579491458717534,38.31007978466562,LumA
TCGA-E9-A249,-26.96704893175205,103.59893711490301,32.401675027320906,20.873687282395565,15.878000574960149,-66.93991763471064,60.311706931103075,29.362756557248588,16.648063882827632,-72.56837888646268,LumB
TCGA-E2-A1IU,-2.418423590695261,-3.5291527018644158,-49.034334886343814,18.700462402777788,-35.65282312244124,-23.89049740438606,-19.179605268582236,92.18982337395323,-52.23410930476546,45.63542141828963,LumA
TCGA-E9-A24A,22.031188636824947,113.8556374699947,-61.128555448619025,-9.908235864924276,10.593951636158547,-57.98262927542346,88.97914547155395,52.93664571529599,41.59124688784237,-13.273085608980328,LumA
TCGA-EW-A1J1,-12.178357826663696,87.17168629355498,66.02411065545454,-44.03871195390186,82.80911504048335,15.443091047268199,-38.841533740629096,116.23358348251251,-8.242983247558698,11.599946091611141,LumA
TCGA-OL-A6VQ,-35.82181829662105,-95.17553843262786,-124.7602027332257,26.60651048239011,-119.1428163629348,-29.046855439172422,-11.085660639943853,-10.701064638152575,-43.89518038267211,45.364620965621214,LumA
TCGA-BH-A0DK,-4.017970576154849,-113.68212676134337,-44.270676961066364,-101.29282897376059,-5.516575975755162,27.092972206579503,-25.81033987359565,-9.385697542891334,-37.60676841624871,25.210816804690385,LumA
TCGA-C8-A3M7,139.69242416423884,-36.037321739148986,-11.309845656898746,27.292649187030047,-11.777753604024896,26.202438755318607,21.812984543011492,-7.463027920293002,-15.940643125567311,39.96977499422864,LumA
TCGA-D8-A1X6,-126.5496236529696,91.89049948037966,-7.357363954819664,13.667434765159955,-11.039005504741723,25.077456494186332,12.22706834683159,64.46782345567735,27.59540448732467,-29.571299768217234,LumB
TCGA-BH-A1FR,205.36533067279856,-87.27390521290529,-11.30387603204379,53.607118888794844,79.97397008930739,30.51519426991672,-6.689894248903411,9.71990155924383,-9.788838097437186,-7.67384612198516,LumA
TCGA-BH-A0DV,210.78428991808352,-37.19972102599518,-52.16937525661219,113.0031461180274,86.53550297784734,18.567540337471158,-28.957223047413823,-10.95692297123055,-72.0851021215544,-18.61910034177262,LumA
TCGA-XX-A89A,105.004621407185,-80.03797543806049,1.7821784148408815,-27.25243071663128,-29.79093635860508,16.281134708608043,-4.265844797056236,-11.214077492384964,63.04083715851279,71.066876551249,LumA
TCGA-BH-A0C0,-47.918239731909765,-72.39749732609917,34.7711065195878,-138.44617478583893,-22.848468965331747,30.40579362663058,-19.3731846286614,4.740908680331284,-42.39008038129144,-50.782556816754976,LumB
TCGA-BH-A0DG,50.55725513133914,-41.865904568634996,-51.411407579752186,-66.62213337151735,-25.31994523531015,-13.09145901130266,3.3505810655843034,-16.223793933839467,-13.064211441557458,5.948234996112311,LumA
TCGA-AR-A2LL,14.113037946486363,82.01399113345823,97.51448688780263,-7.546550521498724,63.254759441637276,-15.095761547995918,-1.3763602069255563,28.92977450540804,38.35879348928036,-10.713617926075681,LumB
TCGA-A7-A13F,139.27988383413467,-129.12253269487684,-92.87352822878381,99.97065222126282,71.41394298073705,90.16038189034391,-22.955143261297653,-7.204078566333691,48.088022714857765,15.00400419606968,LumB
TCGA-E2-A1IF,-30.536230029208077,-105.07387303642409,19.81495739302711,39.68800629448195,-5.198462663073872,-50.75050432209248,41.59448082025019,-11.131492949073186,4.406597961275219,26.012830417876643,LumA
TCGA-E9-A1R0,35.28064054480691,-44.73496124132331,2.429683751104119,-3.8579016901680627,16.84726070773068,10.091647796513213,17.682761304745256,42.59694892303119,15.075340414357305,30.02772112268787,LumA
TCGA-AC-A3TN,-127.58587375173487,-35.19236706798027,89.32991916270099,96.46813234252197,-9.00192161732738,-35.49418169208136,77.01306294195592,8.954250210895779,24.590017715077074,22.891804983231992,LumA
TCGA-BH-A0E1,35.97473858513185,-143.56833594991855,-82.39028535170696,84.74568848317854,83.12089527213722,19.11177540417482,-78.68613879852536,20.504037355603476,-102.61811350566663,-28.9313398464896,LumA
TCGA-D8-A27P,39.74514188804008,28.427487012815707,-67.39312374799643,65.93317326923655,-5.441807040863866,-79.78776457905288,-14.839603090476132,33.39251145820242,-41.124922358175134,17.826595091924855,LumA
TCGA-D8-A1JT,-168.02562314257025,100.90382294609827,-57.6503541358304,-7.183095155610901,60.099734941125256,20.03664355600914,37.24261717172936,28.799563916029715,-47.52163559985324,-30.202169354838954,LumB
TCGA-GM-A2DM,-126.87071933941122,44.1060117997028,-85.54403069110467,43.52765710847693,-0.8439466836403857,0.009472453365560445,-14.778639600003514,79.30354856943038,16.366747178297704,-112.2510389747891,LumA
TCGA-EW-A1P0,-86.18094572080253,78.43356718166946,-10.531352267271506,-34.81568658883724,41.81749505329286,0.3763712727230499,-18.913150039644595,72.7612771516686,33.657538152603166,-63.21653500450195,LumB
TCGA-EW-A1J3,76.05857546609963,152.4950753500529,22.442019029169217,62.44618400182936,16.734727202576714,-38.43379107112701,99.07514900516225,-52.948231129769304,-37.84604700131885,-12.867422704688341,LumA
TCGA-AC-A3BB,35.44494336920211,-117.89433796160932,41.11889596024109,-22.26421660777714,-49.04831250628697,-21.84673410028274,18.31927400703661,33.44198193965446,40.04283760396479,27.047963554121594,LumA
TCGA-C8-A27A,67.98111911416298,154.91009148504654,74.57201235268624,-52.677506258864575,79.05908772192609,97.29370371734636,-88.60703569367776,-30.57811957447331,-48.26156154338119,-20.313670639722844,LumB
TCGA-D8-A1XD,12.80231762051392,86.05126282378642,-63.09397861100788,23.375177926176892,-21.73087664326184,-13.627673220404034,-86.5827169030151,-61.93929623981772,-34.50785371744882,-18.69998815594668,LumA
TCGA-BH-A0DH,3.6783820340651774,-197.38666307456822,-68.58057752782258,95.5577401767339,61.28449826547573,61.459174024865014,-27.54651179490038,-32.596514772361104,-25.807013011393725,28.129888791441047,LumA
TCGA-B6-A0RG,-130.26437362573776,24.728939363640833,-46.23188098086868,-14.392578053932702,33.69464369390534,0.45114470463469514,-78.74888663008777,-49.548653793334914,-83.51301002347485,110.29766703392859,LumA
TCGA-EW-A3E8,88.89121678551977,-56.693846016749866,108.25963159661003,-6.453526481331882,-62.05966638847486,25.456739620603376,13.834375267433948,22.611823635596778,41.81788359741642,2.6427737012971,LumA
TCGA-AO-A0JD,-62.64472314734324,4.747014145212449,-32.098105571748235,-71.29487447504543,90.1211678182933,-7.444804968150946,-33.4167323300852,-14.865611424652759,-72.90484174335151,32.68312431954625,LumB
TCGA-B6-A0RL,-68.99023560087426,204.66059456335822,118.2223029965702,94.7897210755076,-1.2040865097595912,124.78466961295425,-9.598423476623804,-74.55201217249834,-24.643328116173706,-60.771204242248906,LumB
TCGA-AN-A0XO,-54.57683031147147,44.70912360351654,-40.15718631492881,32.68710886617062,40.24162098644288,-103.57125704531512,-4.461106165834719,-80.72464073809492,-3.961079406393615,1.6962598574653809,LumA
TCGA-AC-A3W6,19.788140124954676,-78.4273569325343,29.70689529130286,-7.623532429776046,-74.34519818496871,-15.292689478620343,34.131558119281,-11.556160348200478,96.0713710865589,34.9025633430873,LumA
TCGA-OL-A5RV,137.6664817562357,10.341877511936362,58.34272051140807,91.6317902690059,-45.921823354808396,-55.21357777183408,-68.04527325958088,5.375355745578394,-29.656838750505184,-1.4023850140636382,LumA
TCGA-E2-A1IJ,30.22591256629496,-69.03992114204594,-46.19942586361591,-15.052730983565043,-55.78193958871209,-66.90987280855362,36.65980883210394,4.806633017738017,-2.0864740076795583,20.653147078877723,LumA
TCGA-A7-A425,11.358961339793224,-89.05945745906658,59.7867790860749,86.17365195786871,-58.632318560278755,-2.660913986150828,-28.541222596436494,-14.551956463260726,55.44090144710481,56.05688658473568,LumA
TCGA-BH-A1FJ,-68.09517513377698,136.35304923739088,3.228323377365331,26.620927213901158,51.96525279539806,-52.472590772088424,2.575219462844451,46.9889839114554,6.2791964209986135,14.244671087478105,LumB
TCGA-C8-A26W,79.72209129444833,15.754580575253495,61.378028125639666,-50.845204072531565,-22.609662044858748,10.934654155253007,7.698590429897011,8.436219703798022,-25.111341483916842,43.11983175433598,LumB
TCGA-A2-A0EP,118.87629567027152,-133.32316826418395,31.441016449724195,-55.38557749717439,-69.99012716186793,53.295400970593825,58.2667031595285,11.254975933293466,113.49150661591817,-18.659338221423674,LumA
TCGA-LD-A7W6,117.33392357217545,11.510442082870696,67.54622662025996,76.8689146921806,-71.63331220013782,5.355082730064445,-25.217716773936736,51.22016385893755,-4.086665794501257,9.13002407113154,LumA
TCGA-GM-A5PV,-107.87276789568779,-86.32790186241736,-19.738682523188015,93.91337785377247,6.669462188195848,-20.713713632303538,-3.763124573777264,31.701698468421224,-73.05308316494717,15.031481601083412,LumA
TCGA-AC-A2FB,158.5944463812284,-150.8315735675618,-68.1635746024581,53.97826103088641,82.82434417743971,55.21894990203902,-1.2297786059832465,1.4470653816543855,1.302182513993061,-20.41941803437315,LumA
TCGA-B6-A0RN,-55.07416825868797,27.656316639124775,-47.337848940749794,29.574486566945033,-9.99473531672185,-69.4042413757682,57.636837484880694,-5.305464754852616,-9.487159994188735,27.958235626245855,LumA
TCGA-A7-A5ZW,-12.469227534007674,-85.22489348864647,19.43149506075859,18.260487747970213,89.4986393289073,-101.19242923872359,-11.15410632113157,14.89144004816403,-5.0411150804943725,-15.778336846036702,LumA
TCGA-AO-A125,-97.53812403022727,188.95144177343775,33.97255475819124,160.9005595740027,-41.893113888082254,-11.970439692492072,75.99901770655096,19.88177844586582,-20.341216793692055,6.5999215201863155,LumA
TCGA-A7-A3J0,-22.59820859465996,33.04599632312145,-17.35253076899483,19.478755782512764,-17.915824078276238,25.333499005607464,-51.17700705884906,82.93222003670238,-10.407733148166084,-108.22631516291133,LumA
TCGA-A7-A4SB,-24.833103520723242,23.29674620559674,-20.848605826581238,101.9725556514148,-89.4983098828392,33.31600122994066,-44.110207340825475,-24.962270174756068,-6.445121902616229,53.87909403907287,LumA
TCGA-BH-A0HF,-72.74699099226835,-115.849688730334,-78.3836205872519,-34.91871831012073,56.66296777570343,-40.29307894897862,-15.946604568747269,-4.003094587195871,-54.32487489787392,42.009525828414716,LumA
TCGA-D8-A1J8,12.051173971819912,74.14152736784708,-43.23512042634197,-128.90552724461483,28.012993445314386,-29.858514643655862,46.76658976068259,-23.505166420307777,-21.36924095097906,-1.303127126818312,LumB
TCGA-D8-A1XV,-154.09535697548108,109.11614829808407,-145.01736202988667,56.06026676167661,-23.31092677476436,25.13648869774528,13.007766078583202,106.4150683403399,-25.479850374917465,-95.01589592286695,LumA
TCGA-E9-A1R2,13.645459768356945,22.727145691860084,38.4077862824858,-2.64120687994731,-7.8012190477995835,12.381495561139092,-74.39814483486974,-26.9159376794439,26.465667409744427,-60.85977046013484,LumA
TCGA-C8-A8HQ,75.62406166422942,25.184402532843016,119.1669813613616,-48.446756509480544,-16.654552938060853,17.48391656790725,-38.95573157201245,-43.100586072528515,28.962617671487244,4.0070065724806785,LumB
TCGA-V7-A7HQ,-155.8404944107881,-125.1758392977733,187.1393026991282,61.53788984511383,104.38466433106238,-17.486271636083462,37.370553099409285,-67.377731197608,-37.07014204536369,-8.905147968070073,LumA
TCGA-E2-A10C,-61.678163749756216,-19.5454063184788,102.25132398767931,-62.81680495301657,-58.56276398117553,21.236242057567978,33.47642044395361,-23.647041446474386,-18.870355078779028,54.02506583120893,LumB
TCGA-GM-A2DI,23.733437218031185,-108.1316015064726,-86.42609272360123,-102.05984035381523,-87.15381385543508,6.37126502922197,2.8249166103699683,50.556022973198594,-35.192902570713535,-5.073405069291388,LumA
TCGA-B6-A0WY,-26.251758377017087,-65.47538536313358,-49.52508644278217,-10.796856059520998,30.250591781344337,-30.63827489205325,-42.30573191315337,-41.334096294458504,-63.51229854003592,-33.40527718389478,LumA
TCGA-S3-AA12,-157.24000783003905,77.92070610466459,-23.545207172193916,29.7018072150384,-92.51812563118895,74.81821574589576,-56.729357423032866,15.67783058993017,-27.416775723518906,69.37991651576152,LumA
TCGA-AC-A5XS,-69.42363833975055,-130.58964068964625,96.23738892437812,-40.09455662259247,24.24437184830638,0.7644484442985039,17.81940954137074,39.1661864034541,-4.037148537363169,68.1425235857161,LumA
TCGA-D8-A1XG,-34.92560418192557,85.82191600951084,-72.42254910101141,65.32881379214976,11.093736519474264,-27.26125517489524,-32.01352681540082,21.624094670001185,-3.3462915254147356,-93.08175504401575,LumA
TCGA-E2-A1L7,12.291675732375847,-9.727943242003859,5.468421493595019,-75.1019725431206,-33.75843577471111,33.37756460319827,-29.918887428622227,-20.932256944017244,-16.581574716561914,-105.48402916517706,LumB
TCGA-AN-A0XW,8.377975634778053,-24.25226486308063,-36.2559483423268,-98.66006937913036,-8.939819798775114,-39.18058314673619,8.452897560378677,10.048476753199576,-24.89070735366583,-42.82913017441768,LumA
TCGA-D8-A1XF,-91.27967573922885,80.9200797758679,-11.942271272158564,-34.94127385189376,-37.4746875893775,122.37987778182163,-98.29129485334069,-24.688863586229136,-18.919413662082228,-56.96000853104643,LumB
TCGA-BH-A0W4,44.87295574837626,42.84115920889764,-71.0644127432229,66.50826443455692,-18.16375454773168,-47.538974122158265,-9.919328137835816,-39.65214823568121,-30.73641974359073,11.739932229745861,LumA
TCGA-E9-A247,2.022726303806459,92.84717253731348,65.70516696493827,48.86868697924881,18.192190379597708,26.488152578894567,37.12921292087362,-85.6391249349578,-47.791584054696465,-23.599898299028265,LumA
TCGA-E2-A1IE,-39.00423739508886,101.94821423459369,-18.93272101901975,44.96032070303285,2.697251864234232,43.6618518319154,-40.0682607964613,-3.123408331435018,-6.422235523027481,23.43914841293606,LumA
TCGA-AC-A2FF,189.22433891550145,-70.1392783941401,-27.474102451175764,-18.499817299609905,9.490509857809629,16.19406457746051,5.654639326968784,22.83869659989613,11.32620462257634,-10.282689610335002,LumA
TCGA-C8-A1HE,10.758860141344112,75.0289209175464,-41.08410026690435,26.63693570077676,-38.4650797438758,-57.7073340146146,22.04694214234449,47.33234285265592,-6.454855429784356,0.9474324065177536,LumA
TCGA-AR-A0TR,-23.408707899787633,112.29598071177604,10.008268604508777,32.62085651279262,-51.60958987293611,46.487524276310296,7.441523208318401,128.40749171354415,-28.318218061536502,41.33724803453231,LumA
TCGA-A7-A4SA,50.92811090603945,-53.7623532949306,15.280409753008785,-14.083441681882043,-88.0229903136396,36.957316019909605,-15.09852833778837,-7.550939247014349,8.28976104315074,41.798307381759685,LumA
TCGA-BH-A0BS,121.875988823582,-117.97324766498079,-28.681722470857345,92.23227995813886,98.08148122474843,11.40916972647214,-49.60317060997213,41.6876661805639,-64.4782777263586,-2.4945797627967283,LumA
TCGA-S3-AA17,72.85571500541948,14.446656109094356,48.737238342895445,-78.38343384430951,-148.19139246903214,81.12159908299918,11.763650257097101,41.90092245472526,-10.537158836218676,-42.448025988738145,LumB
TCGA-E9-A229,116.72399778742367,65.56494081355783,4.554831471913019,-35.61535553860996,-25.89914262042614,-49.780857367266755,12.640535739726554,-11.965698185657699,18.046853979909265,8.098379087931683,LumA
TCGA-BH-AB28,61.060414830047826,-9.72677531672757,-2.7308178854334066,28.45183203940658,-104.28339068958171,-0.8378759273026744,14.709585151815565,1.5753409477240543,15.166882149101838,-31.46534669266512,LumA
TCGA-AC-A8OP,61.12040966037648,14.158104685491834,-13.595455906065153,26.127198639055816,-107.08335819065772,60.65012420061648,-40.01183936194658,-51.102958319757704,28.68891777581184,25.945792069739174,LumA
TCGA-D8-A1JU,83.49200312788096,-50.59338208913184,-78.7091240327861,7.50137595282732,10.113415517199552,-19.241725879210072,51.07152650648805,10.028579532620583,52.67717171007102,10.943091745689108,LumA
TCGA-PE-A5DD,38.674056817877556,22.608292746859615,67.95090318648366,22.07389287344636,-71.32736523184535,-6.399956774882273,28.23848943489392,-15.209720194417807,67.62104072732346,71.63204410551842,LumA
TCGA-AC-A2FE,74.43672605619783,-62.15065202843875,34.08929874214487,-28.173579928071856,-30.323381289558,-2.756625706769838,-2.7986227289962455,11.274558990787202,45.291621111076246,-33.82651428063395,LumA
TCGA-A2-A1FX,-1.4748447765780779,78.40636467852573,38.24499397110592,-18.432611234340296,12.469737428395264,51.53080926168737,-53.832618509130405,41.194017393808984,44.09195189392233,20.419112562928074,LumB
TCGA-A1-A0SG,-35.75196943513779,0.4335116049894884,-30.959336586890803,-19.364346890657544,-48.09149964689942,-34.91404252070153,-30.32896395378468,-4.519651784363912,0.18878650488310159,40.53040723499139,LumA
TCGA-AR-A0TT,71.97200230676025,-19.68253547175262,-2.321885629246401,-150.11015587026606,-95.31321353383548,70.11516550933516,4.283852219293752,19.983483431564764,6.91684851307372,-28.1279499665019,LumB
TCGA-BH-A0GY,-32.90029915631563,-39.07750919137692,-16.34322152731815,-98.6848869055343,54.66493777568529,-37.109895210434225,-60.55421944106553,-103.54456401116406,-55.960111487293204,16.85633577824376,LumA
TCGA-C8-A3M8,3.81660075021128,103.65681084512431,30.637204506635367,31.134101373381203,2.284564160826986,48.62500870551631,-35.82789569820415,-37.22634793891261,61.78941781669886,20.949739962495304,LumB
TCGA-C8-A1HL,-139.60234756483138,27.489450111060965,-67.81379143756715,-42.9672309634119,5.849706960449726,23.55288186463342,20.051677573676535,-9.94671109023361,-8.48992577682622,78.07358688463046,LumB
TCGA-E2-A105,-44.74691952956866,82.28377786731157,52.28630685805643,34.56966104790304,-7.777061960367923,62.242596619276085,-79.26903242286376,-82.5776965834669,-7.726261244745889,-13.298644588101773,LumA
TCGA-A2-A0T4,-22.97155069621649,-79.33487298936048,-59.46058367489123,-51.261051298192676,-17.97193956136164,-1.7345566267938457,4.745036062367812,-35.101287881874676,15.98394224915936,1.971297320756772,LumA
TCGA-GM-A2DK,-63.04259703116431,-86.34590291328394,53.434115223008135,4.385708599404297,106.37030937169693,29.554177474690995,-6.002140991600696,-19.102537591623236,16.89930069083551,21.21054472872537,LumA
TCGA-A2-A0CK,-6.603085018830204,-90.37198812082187,77.10976075768168,50.86765074558987,32.54344236579283,0.7082057502419616,-11.65515742751752,26.972140798953344,8.193593595009148,11.918653535614794,LumA
TCGA-E9-A3Q9,16.15766822207908,27.039873788503336,-29.417516032928372,53.37223716448261,-15.494322879888921,81.92470888714267,53.522053221260386,131.48518072796634,44.465040055105064,29.97006473255434,LumA
TCGA-A2-A4RW,60.068684732812955,-6.695181522456901,-22.953005864893807,12.710061185621607,-110.99737987222939,3.0338709149009957,-42.21083610195398,-60.0025475007474,17.93172029227091,-9.970662198253706,LumA
TCGA-E2-A109,-28.04115204450998,65.08168301327007,33.51158961004228,-84.12554863277383,-34.95076009200253,79.8717068779138,-76.22858336396985,-35.70345374607015,-26.44151045398548,44.136338094628734,LumB
TCGA-A2-A0YI,119.03263836586405,-6.2419188521607305,-26.892466325142337,-34.50193570074015,-37.61816717896446,-1.9700749400436206,31.447879770662187,70.09407138932228,-11.711206519181154,26.979231725869724,LumA
TCGA-A2-A0CR,-11.031873620402743,-234.2220807732183,142.62359693238403,-16.028015004156796,-8.210849221348234,18.36973432435172,67.78139186677933,38.761469392539304,-28.689470535131846,-32.320641481224484,LumA
TCGA-D8-A1XM,87.40517270732879,16.010565079530707,-24.429308672317116,-59.644820621938834,18.873707440249614,-28.356580431838807,-7.26051113317728,14.342380924466672,25.775687766942426,-16.449669751700625,LumA
TCGA-LL-A6FQ,-240.731007278183,-71.06496227581214,120.67825096556888,43.402988258705626,95.14597132679206,-10.37607644409265,39.15641323046986,22.17394122930897,28.367651002328927,25.105454284976233,LumA
TCGA-D8-A1JJ,-13.848245145142199,68.4765464287306,-41.65110486235247,-70.76812121060934,-4.605880902567994,-55.89115539630222,11.238235199184192,-65.64488216387092,38.11780031810791,-25.70829890822808,LumB
TCGA-GM-A3NY,36.48878285632441,-2.848239944808982,84.40727575887999,91.218779283233,-49.555772383813824,-16.689863423159128,85.25753011186264,-51.900387251934205,-32.78366012400897,32.95327681562511,LumA
TCGA-EW-A1J5,157.73218012439094,102.22280301580349,83.68946972743103,-20.753547790252384,-28.393184481955732,15.577165677946008,7.178181879630555,29.121491327609696,7.9444619070832765,-7.8845722011328405,LumA
TCGA-AR-A24O,161.90965343369209,2.5882500153170196,-67.86773262993599,-2.3753895837720775,12.508244889138355,-10.59210722887842,53.04633218775356,6.332177946129203,-0.02023678111604504,31.369110226445063,LumA
TCGA-EW-A2FW,-130.24004901399226,44.550235163346066,15.948496277986855,-14.054662393419175,49.148687945121395,37.71916116981023,-37.38932433939959,56.159747797123984,17.984893783641148,16.920092019591486,LumB
TCGA-EW-A1IX,66.56328622091966,10.316235784790644,-59.6219705412612,5.219065646694114,-51.10078596425256,-36.45238111246731,0.3845723684969055,22.012382342475085,28.654481111424516,35.360867991295756,LumA
TCGA-BH-A0DP,124.66452267560665,-84.45588190551626,-77.92283488162609,103.50925188176205,34.43494452881843,11.53863836781479,-76.53049926055877,-8.082614331346331,-61.71556877575386,4.121857678373904,LumA
TCGA-AC-A23G,-62.26565405758125,-122.1064500214161,-104.46953818088117,-8.278915319051354,-19.482839988236982,-71.58051897040852,15.344453264531234,-37.62839800365015,27.0881044242922,-5.129748865630016,LumA
TCGA-AC-A4ZE,27.056534957661444,79.26383871194811,29.33219157398632,91.82779705816982,-102.17020209003829,80.52948170914394,-17.518816566907688,-3.0011458277670426,61.44851823573665,34.55969243825129,LumA
TCGA-D8-A27V,80.25206614991033,42.436865354329576,-19.835745975422086,5.431948454536872,70.93907193950741,-36.08906297366396,-2.48609812976515,23.371284055925724,3.78487998800483,64.1432276154015,LumA
TCGA-A2-A04R,-104.0891546011169,75.80478860323699,-35.2313277155987,-2.8845203880123327,26.58105831979203,35.96836172109012,-48.60101833818959,2.76123709770354,-24.278279528763964,86.58457495937299,LumB
TCGA-A2-A0T6,101.49433761362913,1.9930658510973462,-80.55086051776651,-33.73164324317678,-54.3572437610455,-18.178417023906903,55.352293897706296,-16.969774267542917,61.94698368510822,-16.559197305439504,LumA
TCGA-EW-A6S9,9.45174671667568,29.798260703197545,86.7144842900939,-48.41097723064444,71.19955980565625,-50.20797260731546,-61.145830314116296,-1.7942354445624789,17.107503599944103,19.19293254996576,LumA
TCGA-E2-A1IN,-29.054424627099582,62.09947333143144,-9.218665701156887,-9.807088750255598,47.74690018213439,-84.45409471508417,11.099005662484652,-37.90337085324162,18.69597966799477,27.715525453272132,LumA
TCGA-B6-A0WT,-27.996546785959403,30.69291081324842,-75.81399540619825,-15.446763386523337,-56.50735709705674,-30.891440588944047,-42.22366565667818,-0.014277777791536325,-58.272384566077136,41.79038287302453,LumA
TCGA-AO-A12E,62.34063824435078,-4.272427217876697,-9.595620316636738,37.01320380234295,13.727432076059321,31.062198472520322,-31.81484971369532,-17.62395755658808,-6.695381931145438,43.54882952779776,LumA
TCGA-A7-A6VX,16.509146563285135,78.06113569604118,113.25952460268644,3.303765008206631,89.78928703588771,-53.01346465343536,-17.417740183616928,-30.42692817657099,92.28200857595363,-37.459477938201466,LumB
TCGA-E9-A2JT,127.12545976713429,-109.20864269891183,-27.613360620560147,-99.51686205550816,-130.6670977007794,98.12138126009242,36.9231159366501,63.986864426110856,22.797601198011485,-33.94029417892474,LumA
TCGA-AR-A1AN,-53.432996450823815,-32.47633963944352,-100.77804089467159,-23.69044195622568,12.590799287083167,-24.891433994306013,20.5081634295938,6.3811614792382745,56.66077763390145,3.7392354854178715,LumA
TCGA-A7-A426,125.0952386052225,-75.10256900976884,99.22673869286594,104.991380267359,-49.87997083882426,2.8285851949058833,-39.661477570841384,-13.276523992782352,15.162722867885716,17.845808343455396,LumA
TCGA-B6-A0X4,-136.97283640821445,107.83723880541795,-53.545188253739376,116.81347508194331,29.702951043219027,14.495402011863531,-46.98261974942495,78.14655619159309,-31.610280808435693,-116.92173766126896,LumA
TCGA-GM-A2DO,4.079519138381318,-83.28143128570758,64.67998385534231,-77.89313446419824,-142.71814620324844,117.80544264479154,58.77626872091064,37.449920832919624,-51.94955182012827,-34.93163075607616,LumB
TCGA-BH-A1ET,264.43926397424934,-20.454628167394592,-47.4584269329097,117.645159289504,65.40166648415124,79.31871179865664,-8.543920313244419,-19.092533760545507,15.116938691758774,-5.142277400834855,LumA
TCGA-OL-A66J,-38.87714071072355,-52.22640799077834,38.03153303997178,57.440834377477636,34.47801518941131,30.799726512382602,-22.73610535448738,-7.838098732131716,68.55210346802461,62.24693951623562,LumA
TCGA-GM-A2DA,17.726228727677306,-58.46772259425835,-5.029952195928867,-14.957206659402427,-76.38437229020718,57.45538908090874,90.5702211125464,-55.292282585832474,-30.77511155896456,113.54906193922689,LumA
TCGA-E9-A1N4,253.0130260962798,26.719710911175394,68.66894435621847,109.11172425015269,185.90141230483403,20.02207425098659,-2.689270254912247,38.23345191464565,-43.94971242232899,-11.731565816656962,LumA
TCGA-AO-A12G,-113.92486087348209,-65.72340702649754,-65.97151638625544,-20.06389522031708,12.845136927376599,-15.77027287451169,16.507803442304265,2.445643938493222,-29.917357435356585,-0.17251309385256788,LumA
TCGA-OL-A66K,-3.6084283677499522,4.048126083201282,62.33337188417011,69.35720807623177,-11.219013259601322,-67.66242361263988,-7.649891905849416,6.501351581461501,27.254081328789052,9.186355091498683,LumA
TCGA-S3-A6ZG,78.12776155855802,71.58469719634601,102.93289583161945,-15.305946531214675,-22.951683853888426,-21.624019622453464,-42.494988074386264,38.197940312627274,10.552125029377084,21.283155400042286,LumA
TCGA-GM-A3XN,134.61783896926326,-49.13573505003244,133.22404226959839,31.61125792123088,47.90191162899033,-41.89331805919182,0.9921938124279587,14.934802453850846,75.8409430066954,-5.102344586739659,LumA
TCGA-BH-A1FB,195.2198924576252,-91.57132821953061,-68.97827382541296,85.84660059930467,-5.334561288473797,39.942649241605906,-19.813565317890106,-8.316032525899951,-72.94850287751393,-27.03311912511572,LumA
TCGA-LL-A740,-46.608973640136696,-76.59037665163635,-7.0908078662479435,-54.67380861790172,34.728071182071645,-21.04147271738108,-32.23214800681831,-60.45172699886004,44.363481566259864,-15.02664628681908,LumA
TCGA-D8-A27G,14.775959580465742,21.383156339558052,-10.286208210179701,-52.16356037935841,0.5033074694138522,2.325564507631788,22.495001172242695,-10.758351437125611,54.41753451223068,-6.695415662309105,LumA
TCGA-EW-A1IY,85.76436258662366,20.732159240832242,-38.36675217040186,-95.52382769324159,47.3605278339007,-61.07072870033961,68.61807597209413,25.622840434744244,-51.65346769722335,-65.24893605229263,LumB
TCGA-BH-A0DI,31.429446081813516,-87.70940631611062,-84.97463905295464,-48.354411953775376,-8.458870731501005,-28.41841340060145,-8.124036933160411,-34.84103908273776,-4.192384076777446,-23.683982401943677,LumA
TCGA-AR-A250,26.124868115116925,63.83110085050714,-22.124794896181914,-95.49747773768054,-23.589958559996433,18.695144111206087,-15.237855240692529,-51.92974261962693,8.589446927219951,36.857422341556344,LumB
TCGA-C8-A274,-40.09936894929532,133.07630019799322,7.226358822091803,7.684209876811384,-4.6272531161368855,-64.63253663529966,16.901290867122707,-34.91989965813618,29.589327192842024,-10.795315497548291,LumB
TCGA-AQ-A04L,-93.75336656055694,49.57355671313009,-22.304472940724587,13.964180355555246,24.268556053253057,-9.576065371603661,35.821811339108734,-54.253470424257095,24.61553790974146,-60.37943226503275,LumA
TCGA-AN-A0XP,-95.33106166188674,86.06865290874242,-103.24784242918031,23.19376343686038,-42.24147968280156,-53.836905301240854,60.241522315102635,28.732586608119465,12.0174619273969,41.92934099194006,LumA
TCGA-LL-A440,179.7263108535614,-52.74444094020343,13.841866471093804,69.94487630238348,-31.821574197065335,23.146478196148593,-9.01780817474823,-37.486117898376214,85.50219709010135,-33.89463206520803,LumA
TCGA-A2-A25B,-25.966545349094837,108.24874712120997,-25.64312846239613,-113.50533034742264,34.416042555823836,14.171505653278535,12.375025508463278,5.388295383999279,-14.911730839678636,43.97958328919883,LumB
TCGA-C8-A1HI,-14.726365489245854,-49.00722958616565,17.923907948650513,-27.041974309510675,78.87299579780421,-41.99487133991566,-54.45326744412837,5.435978127828146,-65.66272942838053,-8.669545474115129,LumA
TCGA-AR-A255,123.81698490079194,50.537412301084075,-23.68857494903091,-49.49245549222385,-18.41522264332872,1.5128599780841672,49.698983669721315,-32.608033033638264,-24.179701189160646,6.275667939443691,LumA
TCGA-AR-A1AX,144.43713486968,-22.080181414279064,17.304730637775712,-92.05627128578706,-37.397290203960104,6.93370463021137,3.0337267173764606,31.685775728437022,-10.473923623050188,-43.04721554896945,LumA
TCGA-BH-A0H9,-103.92290601914517,-15.302382708701169,-69.65705876975643,-26.424031640661862,42.21681785669511,-32.853803580603085,-40.714797480727185,2.511415749865455,-45.00046493048095,71.25181443653675,LumA
TCGA-A7-A26H,85.41256227036088,83.46442862670737,18.891641590539468,-32.59275249568085,15.7750465080115,-40.988928035260024,14.317434253083915,-2.064451426812071,36.031169858756506,2.231669047654793,LumA
TCGA-A7-A3J1,166.95397302333168,11.818382836429478,49.57284560152417,12.199870001021969,-85.22700329509766,19.884347409260663,18.40923575400132,36.11284544090179,44.52795786292829,0.8812679527242672,LumA
TCGA-E2-A1LA,-52.655581873583124,-45.2294381762179,36.196277245801845,-86.764011334908,-38.067014325787945,31.89337412783658,8.037538670484938,28.239023988992006,-56.893854802538236,55.18215486130061,LumA
TCGA-BH-A0AZ,260.2624468040198,4.281335197788759,-40.01413440510677,123.50986602808592,26.48323642529264,26.23736275060381,-30.905745783548983,-35.16129645376707,-54.88283870620635,-29.263607569915994,LumA
TCGA-E2-A15K,-123.51181923995102,108.75896984430275,12.844476907779057,37.37239275479196,-20.23293500225664,35.973546691058345,9.044553136237115,146.0414184105946,-40.31097079760659,143.87107571006825,LumB
TCGA-BH-A1FG,-50.73759723822297,-158.84468974405542,-167.89683800941944,85.43800566387307,166.84468739515148,40.23296478253022,57.91886671556768,-2.073900427708934,-66.21687798497709,-20.61744693141858,LumA
TCGA-LL-A5YM,-289.0803732579924,-112.63033545325145,77.61094835765633,16.488932259719604,88.9707765856881,81.77761434247628,42.69873628783931,7.06855597769691,41.46269661421406,2.32017656231243,LumB
TCGA-E2-A1L6,126.13205778121677,59.377641667641406,-17.91598423805813,62.37736917736864,19.031997587848956,-50.88196447051966,12.603167079120864,17.702358839882038,-19.22725096709503,-3.1787146051671926,LumA
TCGA-AQ-A0Y5,-54.20210200950259,52.89662738800449,-68.97313332220618,-40.789834196822454,70.56497865920699,-39.39396788796964,-23.678494656426025,-88.44051974311438,47.940450912384335,-28.22075129575613,LumA
TCGA-BH-A1EO,-91.7100620340783,-38.50340205428755,-185.87143262479023,-76.5145114116893,-2.479467892363187,-25.41392486560609,23.89571460872305,-39.56869433481604,36.579176153422104,-8.008137463763372,LumA
TCGA-AO-A1KT,-60.207180273527335,17.092821304809764,24.82008093361222,-34.30757334495497,51.489622992430554,-12.06676196229332,26.16709398810832,-37.58297463548784,-4.089843303431256,7.066219367740185,LumB
TCGA-EW-A1J6,12.672255912011506,76.19836733254175,66.19726447501462,23.95409052751754,2.4403209077737236,105.46209067481712,87.2152443638744,-52.121321448729304,-32.440155327335766,-57.339484878148966,LumB
TCGA-D8-A27R,-6.234738424432939,-25.952926976529373,60.93941688499643,-86.55525945133914,20.64776246872217,42.386827533524034,-61.63951695642279,-56.03577458601155,-13.446603735739625,-24.855812972397413,LumB
TCGA-E9-A1NE,176.32963153523482,6.288306224049219,69.38824758280003,-92.82033737543739,84.4673374415151,12.427632969060463,-28.470095761075157,50.00860591435241,-2.192080143558921,-17.611523351464754,LumA
TCGA-D8-A1Y2,-7.743945330523626,-66.96980479698854,1.9061844744679104,-104.34789933042373,3.370827782971284,-4.028234810586706,41.33888861915917,26.558790888247916,33.62321457114512,-52.5401035430643,LumB
TCGA-PE-A5DE,4.680590457546043,-90.62983362523526,38.792486948315606,-78.96470082701141,-43.162997789049854,-4.648429099024444,23.744753757961252,121.0750286844994,-3.783347959904342,41.531667135607584,LumA
TCGA-3C-AALJ,-83.81532251389073,-9.864739744353034,-8.096536275564747,-40.319928476361156,-127.81891436999541,96.01141062424568,-17.072985572579984,-65.91373390465041,-5.056716367749766,-0.8740143256785164,LumB
TCGA-E9-A1N6,175.2089733478411,-115.52507910358715,-31.243143446572702,58.0843043046422,94.72450518818233,43.36780999649407,-46.50307742987882,13.207188811889033,17.993391598890252,-6.121760344166644,LumB
TCGA-EW-A6SC,22.812908320101148,-13.49551372775058,12.703415859195967,-27.54135618437423,-15.25063478596903,-13.758065897789148,-53.05231606765148,12.541398674005734,5.9337872468395965,61.15183748249657,LumA
TCGA-LD-A74U,117.1688949863435,-40.89306521676989,53.1565611966579,56.94943832355753,-0.7134589048605791,-24.320548768696057,-29.665628985027833,-26.241756761046588,55.84749333351813,4.9005678596302165,LumA
TCGA-E9-A1NH,2.5380632326441916,16.510098336050408,-43.647199560820276,-9.056379687065379,-19.233908909808374,-106.3895604104859,20.16754546716758,17.315284263227188,36.0866531789497,11.231599690932617,LumA
TCGA-A7-A13H,122.22761933100436,-43.667829429277035,86.5819507124676,21.074721033441154,-31.274897014776013,-43.3622483115632,-24.867205126669624,31.226107299355274,26.370889509523245,12.498489533209671,LumA
TCGA-D8-A3Z6,9.387088940564492,33.00613806975557,2.0828302630787086,42.37450752093016,-65.40251447691044,-65.38966330597135,-2.8040568146323026,-7.116819488023203,17.47953930140168,60.65766839096439,LumA
TCGA-AO-A12C,-10.703986877804546,23.493180046671164,-54.2496274276501,5.54646568288661,13.044475301065205,-28.005995718197617,-46.053164124502324,-18.32677727904156,-14.908152453470509,23.46430008914066,LumA
TCGA-AC-A3QQ,271.8278328934088,280.4981089569691,10.462188519313562,62.274105366780795,60.667489526959585,118.88090154919263,372.81142079926514,-88.68034608671671,-180.15725443073995,69.15822534817187,LumA
TCGA-A2-A0SW,65.1075617475532,-9.964904131368652,43.36327710164447,-135.2786209495239,-13.565060077664592,75.17832700481841,27.524716111485407,-3.513149841631521,-21.351883783794843,44.44519416361163,LumB
TCGA-B6-A0WZ,-141.6200381167166,34.444304243598545,-35.288999195060384,66.77056653567219,-37.39883582608665,-68.56011652603804,51.59395855415609,-42.41540324473762,-12.99467709025608,21.72906890170219,LumA
TCGA-A2-A1G4,37.092976073977624,107.45823120782768,12.11067019571068,-0.3337818037723325,22.162059220231058,49.97941482750777,-23.503438101606825,49.500529955124144,-26.948892673465657,-56.423436217744616,LumB
TCGA-BH-A42T,-86.88909022118467,-21.922869721351457,66.53504236226584,20.670226191215868,-28.34068057960575,11.743247093913672,-8.34645657344792,-51.67936811942842,84.64422427570305,-53.08659189210521,LumB
TCGA-EW-A1J2,150.6148075071688,29.613827312301122,-5.946567608317135,29.05231330773142,29.67533142623664,-46.97291358693411,30.334793432433518,-7.360645540591389,2.963969026971083,-7.1591702690959815,LumA
TCGA-A2-A1FZ,63.41897759722538,2.079858489140024,-37.29609300557228,-1.0428356494042936,40.29888681646207,-47.27431225384153,16.2280221372451,15.710199050917566,40.89014917518268,16.013165288577547,LumA
TCGA-AC-A62Y,-82.50528915171824,-20.33288736747006,45.71066244811201,26.662043389288417,43.53356729688588,-44.9052528157675,56.990542203838054,65.73998498435091,80.12273841937174,-23.540394323543534,LumA
TCGA-AR-A0TQ,35.24221451726221,23.058116963160828,17.845803615975495,-102.42194589806077,-28.453316867579684,89.9575101089194,-29.398002454931415,-9.073259984668239,-19.09266643472018,11.809283741851162,LumB
TCGA-BH-A0BJ,-8.113840015906248,-70.71512323687902,-77.53943435451987,-25.170720187946156,-9.877281849551313,-44.26020375052587,-20.311667945733166,58.85436377329983,-23.657293529657046,32.22528290553398,LumA
TCGA-D8-A73U,142.9626400443676,-62.37991735588774,98.69689185029618,-85.23159645510559,-27.30774433701293,-13.909822284680725,27.50781280040469,77.77557423263315,68.66092669823439,-4.435563727155538,LumA
TCGA-BH-A0AU,23.761807003685465,35.458413655036416,-23.377864094829636,-53.609605346353845,-25.105520443175674,-6.858222721224391,-64.40424525716189,-23.011806171369376,-8.728535087092919,-36.36409450227605,LumB
TCGA-AO-A03L,-19.2821790142803,-12.745803802493286,-3.2668306412945545,-92.7792528271655,-3.0155318358620935,-14.872052439679818,-44.7223796975276,1.8333377925930932,-28.557309195877977,61.29130389784691,LumA
TCGA-E9-A1RA,19.452794529122553,46.878120887842925,-3.691696659753542,10.765808160212854,-46.8821213050485,-50.156436286215424,37.022906565617745,2.0030757377587647,11.963773783860955,-44.967690532278716,LumA
TCGA-E2-A1L8,49.81838352172583,74.28066600112571,12.85906814202732,1.8671983470927627,21.93868988044978,-29.01315606542941,111.9402957267548,29.435003115390288,12.442613706013676,35.42103815542834,LumA
TCGA-AN-A0XV,57.559981824096624,0.033321155623201114,-20.388578121460622,-17.611798872862725,-7.32765016101743,-3.273084503660333,18.56191675659542,3.0486988045301824,-7.853938775059455,-4.5264635179861665,LumA
TCGA-BH-A1EW,33.12835647498494,16.11255583798206,-50.13403939091764,-58.869846084864164,-43.01574601732297,10.88051532894725,-14.382914541467873,-13.098688738167647,2.188193149615557,-27.637896054910748,LumA
TCGA-C8-A26Z,-16.802541393954993,103.90591174314926,17.123306758481693,-13.244321251028246,19.431053442569688,28.062231395906352,-55.048466338809284,-20.89621735264399,-33.03968004299362,67.31834562229932,LumA
TCGA-EW-A1P5,-88.9628230744559,35.32061808026989,-53.779313281218556,-25.217308359899388,-32.84154261124181,-25.218128943279932,-4.050972615608948,32.775018083405634,-2.1388522022669414,-43.61895389595046,LumA
TCGA-E2-A10F,38.905143805161366,10.607309620049383,-47.6638949447274,-32.70162493740043,-58.819178555858215,-59.759742247267454,11.81599616458087,-19.456073805576203,42.85439375199744,-15.123122900636655,LumA
TCGA-D8-A1XZ,-22.87315863502654,45.07598038067976,99.71912274296642,-106.15948355148328,144.10931630162406,-7.382166833963068,-15.699988128329338,44.105469988429896,19.028665404851242,15.136695119400217,LumB
TCGA-E2-A10B,-19.60494640599966,25.11159831087243,-32.01933654469677,-34.71673556416688,-21.884609476265503,-39.510362683233055,7.882611276284416,10.556555050402077,14.69880089480602,-13.624097978737435,LumA
TCGA-E9-A1RG,-156.67231666683466,-45.389293826877484,163.01519851498543,-49.18377710596422,98.41495440560514,-20.481447781468358,-18.116534547629268,1.6927604790510418,14.454768881696983,32.09749876397307,LumB
TCGA-E9-A5FK,-80.4534414550728,-214.125022137101,102.3159096501359,-31.068734045499234,24.12926966549962,5.6313091470830825,68.10839959035641,32.80502265080582,-7.0655324209414925,-7.826932813965115,LumA
TCGA-A7-A3IZ,-33.89695956273707,148.11434338198114,-27.885008811348424,76.33139271554832,-30.975885588645035,54.38343793003769,-14.545378932285807,36.97601184654436,29.78846609592963,16.988206299668594,LumA
TCGA-AC-A6IV,149.5654586363527,-40.13263549782944,62.06081290851688,-3.9958340183538024,-10.100122720479067,46.75353530590015,-17.801138270702175,-19.399078115083647,83.65589682756288,0.2629627480442577,LumA
TCGA-3C-AALK,28.475952065147688,-30.255409593662016,2.36340381703379,-0.39309190600491245,-89.45681818443774,-23.327151676684707,-27.3968717457675,-49.71252111324919,-27.81101761710818,0.9675676939691308,LumA
TCGA-AQ-A1H3,69.76690381031365,9.069561274886903,-36.900747731870574,-22.830079039018095,-7.722709803545252,-36.822507239605144,7.4948811721464335,23.698486018732922,21.296218932306875,-24.485396335674505,LumA
TCGA-BH-A0BZ,-58.72711748232539,-34.67173007808504,28.292505280119016,-146.44956072740882,28.20422440354303,16.177036897918686,-27.65457177867453,4.0368236393995724,11.72839791755844,14.978042724529603,LumB
TCGA-AO-A1KS,70.57007847500799,111.52393595648181,-35.81051140564017,-39.13221402885729,77.45494072390849,-3.5308524565872292,11.635501725323875,-47.18706449252055,-43.507508242269395,-31.29733145965659,LumB
TCGA-BH-A42V,105.8304812296876,-81.37136754901016,88.5626474629811,69.89319456760016,-6.784870693474924,22.36336517742449,-33.67469997076259,-1.5872161884298768,5.138849560989498,-26.58155446508814,LumA
TCGA-BH-A0E2,-61.7495177449806,-32.694501989153906,-20.767207899069412,-65.70586360119756,50.117642572700845,-7.8234059205916395,-65.62783315602987,-54.03677215328313,-60.41352331870047,-23.937027375223824,LumA
TCGA-E9-A1NI,-119.81427451934904,48.61528880301019,-5.159253560101201,-12.273694646198157,13.787581673725242,-76.99671679758309,-2.6649942966835085,-54.72932318180259,24.575225875763575,-5.213299702059179,LumB
TCGA-OL-A5DA,-9.179079704633097,4.840025734313292,68.55113148748973,73.96302342803517,-24.49824922881724,-54.724067673744976,-18.42329834061239,-14.794594891091007,-30.23959145959151,-23.18936013851229,LumA
TCGA-E2-A1BD,-22.752264450711383,42.20976028222641,24.075518605265255,83.16414097323775,-46.12807286001815,-72.21583125824047,25.938354682320227,-57.407948876115725,-4.796322366842371,-26.26319004162127,LumA
TCGA-B6-A401,75.65346086289436,1.05942025789129,104.44331949370397,38.281924667425244,-62.38970311707581,-33.491073353398015,-18.320550765807656,-46.25926697045958,44.964105292183916,-44.10206812100881,LumA
TCGA-A2-A1FW,57.46992193793873,116.07934217911499,-14.58879644486011,-42.9103401091472,54.72820362458375,86.97669880857926,-29.445309316898513,-4.329238472341114,-36.360632157325796,50.35670524584108,LumB
TCGA-BH-A0BA,139.22863193517586,-130.85829415362127,-127.35830239915127,44.69330224671506,29.88463145446945,63.55365233779145,-14.411908252131933,-13.704845541336773,-69.4951628662382,27.5423203558074,LumA
TCGA-E9-A1R3,11.147933684389795,18.420880486106118,-8.427268844422159,-36.03003933988193,57.17107339874147,-80.80573129753137,-5.073354109962387,25.874231625009216,27.54421375180107,-8.449321381421345,LumA
TCGA-D8-A1JI,-129.15304645432929,95.98611643044393,-5.477826455495627,34.84688469348547,30.347694385638835,38.74784114549233,11.31033007724939,118.14112555204359,7.451814433251301,27.899528794613538,LumB
TCGA-BH-A0C3,204.42165326046194,-88.01989976889362,-47.688696076059486,103.22288717298304,16.49247451133121,45.438685282178525,-51.54804471546451,4.823350847661638,-57.08208114308032,-33.086421286804956,LumB
TCGA-D8-A1X9,-6.487279837428011,103.20650583455311,-11.811318509732791,-90.05196001889814,15.675697178324235,16.032371221673568,-45.29354363639776,-12.072387011372983,32.83148109231859,-7.926767634330848,LumA
TCGA-BH-A0B5,-35.45165333049672,-95.66514326090876,-208.6675963311788,71.96200836232323,124.77125741219737,180.23250854231088,58.56273227918805,-37.53726029598474,196.07556424831574,26.962096492863967,LumA
TCGA-D8-A27N,-3.104361951776684,-3.099003463935656,11.207531513666007,-92.04552030022096,13.736317519783237,4.019165867521917,23.9870999204816,-15.627008749459307,36.58724075471371,15.91401561385532,LumB
TCGA-E9-A22A,-30.664151976281783,-36.784153010856706,4.126552730104337,-126.12162910245918,16.99837749745548,-14.213915918110782,-2.4642782706139577,-42.11859639676238,25.691007064562996,-51.93032976487103,LumB
TCGA-AO-A03M,-9.140159001864873,-54.1149357132274,-14.248996153352795,-106.5835760496584,-1.1353904630535923,11.828282147128473,-34.04190679912881,-7.493177417878316,-56.798833518176814,-5.8578632893548335,LumA
TCGA-BH-A0HN,-157.24388146557916,84.8785817103346,-8.296833613634245,139.9074201387466,-117.9495336854244,-4.616987643174616,56.88544867955608,22.014452571344762,-3.405062792898106,-23.51952147598279,LumA
TCGA-WT-AB41,-182.8939732236344,-181.52806631407898,62.658671507316576,-24.60495357330014,-90.16912224106953,103.74335802653835,73.65243082700384,-27.652595296389055,-47.91966794560394,-63.70977586911368,LumA
TCGA-BH-A8FY,-110.89818159038292,49.28597368563652,61.794014325418416,142.14715672182245,-5.9814777837056115,20.60653944147284,33.53247199839171,43.421425860643275,22.699220852550706,27.722552682966022,LumA
TCGA-AR-A24P,77.13628310523015,57.37974549516794,-25.686097048695718,-26.154541719267502,5.203532982950004,-67.43430770836257,23.131729376032414,-5.039454790530981,-32.62675555808559,-38.82086692788856,LumA
TCGA-BH-A0H6,-59.829785182627894,43.89518587534921,-34.09072193631489,45.76037703449789,18.471559292578775,-32.02075255588855,1.1575610087193728,-49.18596998527457,10.206115952833715,10.725668726743708,LumA
TCGA-A2-A0YF,-43.102215882753406,48.76706150418096,-80.38384743858322,-15.027903947209717,10.936650223303758,-2.8374672999028916,13.309744478701353,52.74779382226005,-34.63834429076079,60.75058402685559,LumA
TCGA-LQ-A4E4,-32.788114669158965,77.35073959031831,-19.700702261082995,94.95714480950879,-77.0099371919392,22.78113189741562,-0.46726690519093583,-49.70480432132244,50.50202798114539,63.80866626770328,LumA
TCGA-AO-A0JJ,35.113097561214055,-107.58221481427155,-50.081557146939105,-41.594919911595944,-1.0272147138507355,-3.823935057755811,3.898092354985223,99.14344754758771,-34.312464852842005,43.1461080531133,LumA
TCGA-A2-A4S3,-54.66810484858369,-4.614160825629038,22.386924365533748,-91.35531940147118,-58.34975864040633,34.38005024856616,-55.514837885236695,-57.859144739403455,-11.240172975815597,-1.4989864236920074,LumB
TCGA-A1-A0SQ,-93.33158261377726,13.51605041966229,-46.607820647370026,-21.74766474551964,48.27655029837212,37.20833807150887,-42.62575768008986,107.17302244707597,-23.235228407479024,55.11313005406412,LumA
TCGA-Z7-A8R5,-111.37170090789039,-224.8419696294556,-30.03353651520334,42.74008508259757,-52.810055926254606,-5.317812191559648,46.07312416175619,-33.551284315369045,-65.85826883804557,-43.46463700582837,LumA
TCGA-D8-A1JD,-5.605662892266969,50.68450148584955,-38.44147468042422,-89.77678857619725,9.972153594558124,-39.08183534716878,3.7001740881042635,11.282077054254131,16.724263704081395,-0.6525594508602334,LumB
TCGA-E2-A2P6,6.369426198703649,58.81322548454282,126.31228773310454,64.32331711995575,-2.219176456250178,7.768908896149621,13.943323379540102,19.662188255577814,34.10583311430356,73.0792527147903,LumA
TCGA-B6-A0RM,-68.83637378554435,53.62406385227095,-3.1267290632483125,40.69419807975426,-2.0454553343117894,40.00520774276203,-33.28754000356503,8.422035527126559,21.960478144126014,-22.87299563169489,LumA
TCGA-D8-A1JP,22.685992288601526,-7.317058647215199,-9.094089992675555,-21.25806393344206,-6.183186186492617,-28.71911713243024,20.700519832298436,-69.65846905462449,8.326791392766678,-67.06488660106292,LumA
TCGA-E9-A1QZ,111.00680934528975,-42.9481676876939,19.320792044749705,-37.92806091179325,48.69368534023549,58.6776979491395,44.789524231529114,47.04788890709925,-21.80914687860343,3.6927581508491274,LumA
TCGA-D8-A1JB,129.88190962079398,-46.37808816315647,13.218346884576153,-43.2238836984913,28.453322711379574,6.096484967168484,-27.679776421673825,57.085951488438035,-70.02492640072757,-18.503847026333766,LumA
TCGA-AN-A0XL,34.38851688781778,0.07472057403831003,-47.11987310111683,36.90878031717486,23.05326156047209,12.404914748528022,8.972381588212127,-9.890716830439361,52.421172983122275,107.36334549393733,LumA
TCGA-BH-A1FH,103.65837250763143,-164.26738151982195,-112.60838931430014,66.61739059513937,70.17746911870728,46.560177863157264,8.728251670348817,-37.22168102439755,5.324985025258484,-33.42268347893543,LumA
TCGA-BH-A5J0,-122.61328397421393,-128.2092490940174,85.28514322712282,-42.833993013825335,36.98391320052757,-26.17095320140046,41.63652229055619,-0.8958493992059883,31.184266829271383,37.118346558350865,LumA
TCGA-BH-A0HP,42.16918580821962,-27.779649915737807,-51.50166119869095,31.501825626166102,-19.0957773523476,-50.96808335959855,7.510548428721066,8.612035082016389,-25.639300521252242,-0.157630958894453,LumA
TCGA-BH-A0H3,98.79559146380002,-16.079113431898204,-49.90563207213997,-0.9427225096813373,19.99305826416117,-46.961732128336834,8.830268240976514,6.0662759466760185,-7.428303368890445,-21.902653455361886,LumA
TCGA-B6-A0WV,-116.06325420797302,113.13964796320134,-47.49598880700099,19.774188019030486,24.910997872302175,-12.360454893268875,-45.69221945616983,-33.771652674259265,-44.809520571526264,13.66233972353998,LumB
TCGA-MS-A51U,108.09781881548196,-35.86393109518372,-6.416650731368555,54.55975939026355,-78.49718040812114,-18.58657305968606,-19.381076603039137,8.802319799195402,-22.617077358574996,5.535841315539478,LumA
TCGA-B6-A1KN,50.28557359212819,70.8642186463053,31.979942025021394,-59.03365226993727,48.82583182005306,6.7782069749157925,-12.820940246149418,-38.40825093751254,-29.119403795455497,29.34688674025671,LumB
TCGA-BH-A28Q,63.4111127944698,70.91493131963344,-9.269068287466515,11.98596486015906,-4.54065948003975,-53.20557369409648,4.966169900011849,29.904647675374722,9.401898056968061,-29.98201004344432,LumA
TCGA-AC-A3QP,-59.47094176689696,-160.08609951460352,35.4870121535399,35.58209639752268,11.063326547859067,-43.73960601707159,33.93282606921374,24.881258115686823,-23.026683066996192,-7.489281582171466,LumA
TCGA-D8-A27K,137.08635755576296,45.506186820253696,4.467491105290369,2.7074682949514663,-20.346172149390277,-60.81405238289979,34.793818294464884,26.738294116258757,-43.21823009365623,-33.76469423840198,LumA
TCGA-D8-A27E,-43.8696468554313,76.83123772093727,-58.36100740146531,46.070992067479054,18.527786338871564,22.573215849027008,1.906674289176801,140.81500598659,21.024531714474847,-80.9366262587147,LumA
TCGA-E9-A22B,-61.96590582850453,8.208957919405522,-15.614033493878681,-52.81467435819792,77.84625275873512,24.690826273597548,-26.227645356525073,-48.845108340156,26.06672184490018,-31.84466004174815,LumA
TCGA-E2-A15J,-102.13031832664433,114.99905785851863,-5.073541618040797,49.231910195959045,40.81730282484711,-75.25105966156659,15.752940295680176,43.21922673215549,40.57772000559524,-56.53854741964007,LumA
TCGA-E2-A10E,18.58847773619903,65.87688426123108,-44.218804254532635,10.323521725613315,-41.916198214576205,-36.35889492480787,7.637900581182585,0.7175422614535866,21.77041663010293,5.725293552458678,LumA
TCGA-C8-A1HO,-41.64089991464731,86.64746051132181,-13.479347496329275,-50.40802065901783,-5.065892775689223,82.43156736336022,-58.487414280398916,7.145183234069119,-33.61647822482045,-34.28848491767312,LumA
TCGA-A2-A3KD,56.16896697903239,-4.20507726386429,-41.824759081276355,37.52302222320991,-25.8995144432489,-6.764693185800616,-41.68865837233369,52.83124605875827,-34.72899797101057,-27.941091601085155,LumA
TCGA-BH-A0W3,-108.13069918559236,106.79006598765633,-76.96719286835227,49.39068799189862,-88.82632905614352,-24.30042244503607,20.805870682102167,65.2003083268372,-0.00916703676446257,30.748223301393413,LumB
TCGA-E2-A1IH,46.935762634619714,-46.37609842271886,-18.869819980191096,-95.2996464286439,-3.1761492033583067,0.4491542003445844,71.15163105181706,-17.83241684426693,-11.12248900084326,-21.744678308329686,LumA
TCGA-AR-A2LM,155.2877996187011,50.6826022273769,38.03874338828076,28.393294057588967,69.03503633271266,-97.58452819420141,-1.7192157189615838,7.0369527748294,17.429739260384533,4.487925148452121,LumA
TCGA-D8-A1JE,-72.69548026676571,73.5577578939572,-100.80477983130785,-42.99724423900358,30.498078734357392,-51.904677032246944,69.8109866271219,54.45658365557795,14.405984280993298,-8.91094665627955,LumB
TCGA-A7-A56D,-302.6129325745753,-149.86126290350276,69.82466358486954,-10.426474004541548,50.48518852327684,-5.282656148637828,86.73293812574919,-86.21271175802977,2.476646076158749,-5.283008062471273,LumA
TCGA-E9-A1NF,-59.63258953093765,-10.477240369405282,-30.28418811571845,-33.19192522540539,23.238526748484457,-54.35969576187643,8.587697938063352,-59.730042170294105,77.1896383625037,-44.85750999484809,LumB
TCGA-BH-A0HA,204.19906780676385,-22.767514617493717,-34.63865713737231,129.72913549937556,55.3698222941783,44.66839304923399,-42.853281403860315,-12.169567916008344,-93.75624970264134,-56.610986598279375,LumA
TCGA-AR-A24R,12.360770124431893,80.62787160398369,2.1127772895859316,-57.939974629443874,-21.344609245004342,32.73596885457473,-3.9690454294533493,5.721452828853002,-20.35458758287888,-31.67534710781908,LumB
TCGA-OL-A6VR,-15.735830103327668,9.23739532733663,88.61386244965522,93.24803755338023,56.6010730412889,-10.6272517167746,-70.1444098978904,40.30174058412335,-43.97024886627728,-40.381882049175665,LumA
TCGA-E9-A22D,-30.87024419229726,-36.73889129454729,74.5523235734673,-144.9379470237947,-4.699083069333859,65.46486309104338,24.662909488333383,73.44572952753609,-4.972788712398667,-30.692362549489424,LumB
TCGA-E2-A9RU,-269.7868279164976,-80.33283567710043,-24.61369481239779,-4.302403590095695,-56.751666676926774,29.29825140402413,44.50664270327741,-103.17316256999717,-11.561270104079775,-75.77388356566787,LumB
TCGA-AQ-A1H2,-143.65150886114546,64.91892594629608,2.1468474708961307,14.227791960912494,17.36259930007034,-10.6099519620003,4.979082313754101,39.2366933180716,38.43966556176681,-8.809189709024164,LumA
TCGA-OL-A66H,-92.96623207215588,-44.46674713031353,50.00701246867709,-5.602574981458352,22.443454656285848,35.570133615385124,-13.042194688578371,111.97531407223211,37.456923990351676,-17.777647121962357,LumA
TCGA-E2-A107,-121.74371140089161,-2.3219457796967333,9.809245511510436,30.89939992480187,-28.451913457992926,-29.277315186961946,-9.682847697448675,1.633699751392313,-6.2591279867262015,41.81924946354462,LumA
TCGA-D8-A4Z1,122.02218408947772,-81.44224643830876,-30.8953270996581,95.1369964921063,-83.84854322618523,-2.5032813782444703,-57.10907669884385,-4.353356862428771,-13.245206194830791,-1.651649712722011,LumA
TCGA-E2-A1IL,44.94705508599466,52.678198963573934,-72.90425429094624,62.332593250454735,-82.47655025299727,-32.78700362434131,-0.1000771543785852,3.22664979176086,26.272612383895748,56.348664700272025,LumA
TCGA-AC-A2BM,25.910226721397787,107.17465070293409,47.096668716654804,-38.46206620464944,-37.18934348793124,65.42931628615916,-9.103036968105153,48.94344567566542,-17.278216349200267,-42.53490939833854,LumB
TCGA-LL-A5YL,-142.05491160616984,-146.4302987446773,98.3993686025361,5.240613796118889,31.394749237597765,-52.321816925614534,66.96399264877232,-52.0559464963979,-24.226151647383713,-23.931588655506093,LumA
TCGA-A2-A4S2,20.45352165195676,5.736983084826739,-24.86746192223238,8.690362022820791,-106.70158543357819,-11.426512396760986,22.5404632814808,0.08737805611307357,39.22793522907834,-5.528208256310863,LumA
TCGA-AC-A3YJ,-182.80236837119074,-42.59045296004614,16.451862397809165,68.89623458299177,-12.879126861327709,-5.221778165917097,21.584578452223322,89.0191470813837,8.9519536248467,-50.6548105272849,LumA
TCGA-AR-A24S,75.4391867258007,56.40890583563896,-55.423254881984796,-80.20333967291324,-2.2531198769548646,15.054732835260339,42.95733441985541,-9.679437372119402,32.56481993315538,13.242227781776734,LumB
TCGA-E2-A1IO,72.98336732615488,-42.72972886484164,-26.800042703100974,-40.22388520288915,-36.42874519577595,-30.537721714591207,-57.60012708996506,0.554256890262455,-9.910428243436874,11.664693955887309,LumA
TCGA-OL-A5RX,87.3406091937979,-78.41864659444627,51.31954991101776,65.04699166917545,-11.089275971155802,-52.35623001129658,-53.138890034112315,16.497024156605246,-21.133095157932452,-32.66330011352198,LumA
TCGA-LL-A7T0,-47.033904673112744,-27.363794220648213,83.48889357337002,-28.89687705283852,-78.64324881244335,41.53272239704618,-58.68409744670519,-55.08930041642248,-32.947591954396536,8.715051793525365,LumB
TCGA-BH-A0H0,-27.430762958081814,108.01459635482107,1.064035265231362,21.745632369246085,-12.883578002092172,90.77366595471636,-12.151942930523546,66.67294625692074,4.943929480862542,70.20377445468569,LumB
TCGA-OL-A66L,-87.08234868466043,-165.23264667096583,142.62392874850156,60.00839949300575,48.56204023722167,-1.6079882513067352,64.76896824014693,-25.313805391906303,54.203978048694516,-8.927774179527061,LumA
TCGA-A7-A0D9,48.65518913075535,70.1166389132883,22.342870978031634,6.14722425184822,85.50630425900597,29.6821466927695,-82.94505881315321,-89.54093357396185,12.296165605332442,-1.3787867510575489,LumA
TCGA-LL-A442,-73.94325839290019,128.96714952575766,-8.446149280065887,83.1772945867629,12.032712486618474,38.399266516844705,-24.234864485029235,120.64886291128812,67.67521892959296,-13.550627334234298,LumA
TCGA-D8-A27I,166.51242072395615,-45.14891124109934,13.493908255017104,-8.846054370671576,10.145491474116943,-7.624789084874744,-9.146299645765266,9.627798011754436,20.13426444748417,8.063965541693877,LumA
TCGA-AR-A24K,-17.36154319743604,169.82368741143526,26.689754681246228,27.916195714689927,68.59332640516469,-51.31347506727369,30.19156472223292,20.36534383443843,-3.4262387440105617,-58.25389864774641,LumB
TCGA-AN-A0XN,-75.80540459396488,2.7892093253931236,-113.85854883915783,-65.51937852788653,16.03040050124937,-45.040815093872325,23.616546633783486,-83.74888860013182,50.654554068556486,-76.16066044010302,LumA
TCGA-BH-A0BF,70.57064973164236,-21.394417274741723,1.6018489461756642,-112.22543340609803,-67.55525491592432,-5.646099337108813,29.151899712323146,-9.48076571419037,19.449337719121868,-41.99019320846109,LumB
TCGA-AR-A5QM,42.69264145884732,-63.048624082825896,59.831939741924316,5.134494109500351,-24.26515681290257,-15.898195539571766,-7.433682326088259,16.275385652819516,26.44185664905413,54.52252244995422,LumA
TCGA-D8-A1X8,27.802157226129662,-16.200118151822373,-64.81758280319053,7.418072369901681,-42.76164617089581,-7.220670223859905,-10.610389747715438,51.53120095045125,-16.135733297783787,27.970308928181893,LumA
TCGA-E9-A1R4,32.623921700378816,51.16021715892452,39.63288753049532,-81.04984040021087,-44.271405299121746,8.108284461963784,-45.626802527039416,11.964677399538488,22.82601734916747,-7.220572368458329,LumB
TCGA-B6-A0RI,-44.31531461614856,52.36596975778572,-55.56298464458105,1.032314046718299,-10.082427869769276,-75.6273685134505,-26.010282693274064,-35.383510020984865,1.6971809548815824,16.87038746117999,LumA
TCGA-AR-A24L,49.32284958306548,81.12870463434838,-15.661609849567212,-44.94540581348032,74.55110717093272,-14.945306395422547,-43.063689824283706,-13.917613028451665,-17.60970077099851,11.074682182607473,LumA
TCGA-E9-A54Y,-304.04381990220975,-3.583713940969858,99.6272548421489,60.17391289296687,-23.906677856947333,131.41751770281536,112.81335131480596,-43.99258458198595,-65.1761006489136,44.89790676296578,LumB
TCGA-E9-A1NG,96.18208115163245,-108.04306932331065,-113.0636364952417,58.49172568508088,167.48408651084782,55.75879652484156,16.509475543486325,7.0648410636073855,118.1730689861831,29.429000387044205,LumA
TCGA-E2-A14U,69.54226661431169,-28.74350956473903,24.51308461898934,166.00328541951566,-16.60269627510691,-11.986742031862267,-46.44896992160676,-19.76504679627332,-46.22605733294529,-36.631579261967616,LumA
TCGA-D8-A3Z5,48.88811975893351,-82.65908023140595,14.28949221476043,136.77000432506333,-65.76281615877116,0.7804649863990665,-55.19175671340203,11.658909376797935,-14.917722857586735,43.127887152682945,LumA
TCGA-D8-A73X,53.25388336106609,33.52882921632072,42.17228262102208,56.42808551839211,-36.10390819888599,-86.8613772699161,-2.536889394454066,-0.9087579294554735,24.317392542558665,-3.1230065202451556,LumA
TCGA-GM-A3XG,-21.651514596936817,-131.24427082953224,28.943776990741938,155.1118426178155,51.82575635962532,-28.81691004446848,-39.624490267346616,-30.9643015242883,-52.05144364364132,-63.189449764667444,LumA
TCGA-E9-A22E,-70.15417905006029,-47.56422269379248,-49.2609077785377,-86.32109184807632,31.63652912850084,-39.37499687862737,45.375606977073915,-43.28432839970437,46.02286299595668,6.507289123156754,LumB
TCGA-AC-A8OS,154.33747321177682,-21.54176645141412,-0.0675897241399162,57.39523012937758,-118.51713204815864,21.750935519772,-1.2163921730296674,-30.606490989382447,46.855048273577665,39.03553029345256,LumA
TCGA-AO-A0JA,4.428176462176214,-18.515667238547206,-53.323606892239646,-73.0401657118646,6.272104091258098,-37.1408919738627,-42.23733806148778,-15.838852390862236,-16.882119705319322,55.00849539667457,LumA
TCGA-EW-A2FV,63.64975046785164,-22.100450329531995,-2.064844473398666,-71.21096514263037,45.775093466730524,30.861872604628985,-25.015915885829973,7.9804257378570655,-23.515808790756367,29.48367169042718,LumA
TCGA-BH-A1EY,-0.5879816711387259,14.420993259686835,-33.915036452017425,-66.18510684276914,-43.22747051172153,-21.01860078493552,31.28935056013475,-50.04032442274349,18.374624865940707,-34.8027100216278,LumA
TCGA-E9-A3HO,-24.369520376602843,43.77643502356611,81.68069479953182,47.35196489833331,-50.304756098771215,54.94449692216848,61.85444352903702,-4.686352722935088,-29.40286493088475,-42.74220134004247,LumB
TCGA-JL-A3YX,-27.27387314778497,-4.300216898934372,78.24128933986786,55.054962363003625,-26.306265272873446,-50.4139301432796,-46.1033230792046,-50.89837392481201,17.81467674185645,-16.354069160760275,LumA
TCGA-BH-A1F5,-1.8932822792657198,117.99343298478648,-12.013860503995048,19.383814224815914,56.15427306160796,-19.48043712214823,5.235468684771671,4.458005815550997,-55.280990798253825,-9.19040865553759,LumA
TCGA-BH-A0B6,-88.05421500228377,-153.20735224158474,-21.452253851293754,-133.95682218213128,-29.934602658208657,2.7534701216048902,11.676253001961074,72.91141400467033,-27.361242571486564,1.010480337371792,LumA
TCGA-AC-A6NO,57.50342897039256,62.27282407845186,142.88719266951148,51.9036413617547,47.41921908428357,-81.06008840474047,-31.135002200294192,29.32746495122821,7.872318927285989,10.559578813673848,LumA
TCGA-BH-A202,8.60191484647996,37.18353658216159,-30.619800488327073,-77.9938993544977,21.583288896008735,-26.854178777094067,5.848599937824921,-33.75110632186822,-6.554431375269214,-90.07951729657734,LumB
TCGA-A8-A0A6,32.52253561104313,-70.49306251467836,-61.576146962085396,-47.126871464871336,-44.84757251898506,-17.932032217319186,-3.9050279404486923,26.928862798931814,-46.94382515060621,-19.34420903126735,LumA
TCGA-AR-A24W,160.54519233498664,-2.755440990659182,-79.60581280802367,71.55660840439207,38.62179135287284,-1.5458016730850757,12.834537463973804,-24.011283344666083,-74.05753873847294,6.685066809144607,LumA
TCGA-E2-A1L9,42.32473354668221,64.8890596411712,-16.31660674197164,-21.19053488935132,9.475209026578641,-65.44540080614331,52.51204685756039,-32.65907141875166,32.991561669989075,-29.78130800437737,LumA
TCGA-E9-A1RI,114.64227705498998,76.89332303597264,3.193702828166695,-20.780127661782764,45.88835109042124,-40.01046334044524,34.10435737538268,6.760272894087893,-19.564455168649406,4.370915378425344,LumA
TCGA-LL-A7SZ,-118.83939862329065,-146.1756480817603,114.78813787730161,-71.36452090673055,-78.66638843915335,82.0960422866918,48.32544117135334,24.00372816779507,-35.790134467542295,-23.744669460043042,LumA
TCGA-A1-A0SF,37.38335614269629,-60.83099995060805,47.81456633029741,-9.554649041821278,29.01999321045553,-54.84889111879015,-18.289120320956048,33.62009023195594,-41.237093743137194,37.60580092345184,LumA
TCGA-AR-A0U2,3.070782329701855,117.81910800653439,-4.581386690726423,-113.28914766783491,27.65048388247664,85.82531124135248,-73.1018959507249,-26.638821950498283,-31.655132912555096,18.18961729674586,LumB
TCGA-E2-A572,-284.5592290359201,-100.345749218403,75.38059667489766,102.26588240477564,55.34884644842034,48.76684433874277,64.39725320205527,57.926437503421226,-24.705047714123058,-14.36234484891625,LumA
TCGA-A7-A3RF,-144.83291959187085,60.9036657234169,26.72727553524291,66.17573822089017,53.70406793492291,29.808823881639498,-52.743468306356704,105.50107684948078,49.54324433880622,-53.52012305394508,LumA
TCGA-BH-A201,86.24591981088223,30.002590550265893,-51.67496558323711,40.202246710694176,13.694615913123998,-52.57896231221219,-18.440790551947703,-37.34414245032284,-9.049842732920235,-26.34408174523966,LumA
TCGA-AR-A24N,14.734094148323017,91.10987552800844,-0.4663218299426965,-41.289023290663046,12.565717242244013,-38.32617865444147,40.891899982282204,5.804319338054612,4.88328244100646,-43.61748140982491,LumB
TCGA-EW-A1PC,-42.43012188397606,88.14111596477156,80.23058262779645,-18.630812415285664,47.02038560999569,0.023577148370420718,-33.91840268070095,-114.85562002448627,14.82370629759839,-28.935262325869463,LumB
TCGA-E2-A1IK,-142.67070534001277,-100.49049431348786,-78.6014884103342,-12.757723593937564,18.29585054179103,13.005227834349826,-4.362860368043793,138.19324820383943,-64.09557092427953,-60.396965246337594,LumA
TCGA-BH-A0H7,39.78015990195013,-134.47572383853526,-31.96003949515794,56.33021488269659,83.59318052448819,32.35219821671679,-79.25712958035649,-34.36166032341326,-82.86962206870751,37.487232903939876,LumA
TCGA-AR-A1AP,-27.715608233463275,-0.1892055782561227,-30.462496647446216,-30.08171957772448,-3.4917377819052775,-38.43833500248926,-24.996940496739516,-31.26818540154669,26.142021468459557,-55.459667696424916,LumA
TCGA-AC-A3HN,138.70345000935154,-32.5287258459529,3.18068982851559,12.268724746969951,-40.306065060428054,-20.7651749985568,20.747336489667845,18.768169490839156,47.57255471731367,18.403123243882842,LumA
TCGA-AR-A252,177.11914708481956,-19.299982572965995,-45.94099332834019,-110.57016258746675,19.14122725475679,77.12906244501141,24.598956079137707,45.81424572492922,-54.62028031450502,-17.85793201149855,LumA
TCGA-D8-A1Y3,-196.6743323942925,-33.0854540869889,53.570314779681105,-83.49164039182182,49.29043224429208,51.950647544147664,44.509933377300754,-30.256518573466558,7.252399389839875,-55.91465195011647,LumB
TCGA-UL-AAZ6,-124.98068024581178,12.006163828327727,84.1971019723335,23.038913212704806,-48.88012071465559,77.95651236087434,-50.81415903094612,-123.48253639528541,-41.57019283526047,-31.52972272055061,LumA
TCGA-A2-A1G0,134.20575331576129,9.708576775756027,-45.820469338330675,10.061184348509022,-10.822890202577009,20.314714053436802,-22.674607538707157,51.32361926432052,-36.42937274448251,11.819308311887944,LumA
TCGA-A2-A0YT,-108.9554883054087,19.468747988872437,-39.830606406360616,-88.41401237183922,30.192866359824198,39.68120204226732,-77.84230665170047,-21.101254478279113,-27.41343290920092,44.17926428923396,LumB
TCGA-AN-A0XR,-123.03989115316803,108.34704271103108,-35.351327700643914,36.138061475328655,-74.67124589419495,-49.10383206854459,35.133761430943956,-21.704118484840254,-0.769419405066816,15.470829645082036,LumB
TCGA-BH-A0HI,-119.3154990739247,-26.325467749188274,-108.63703987611689,-1.5050848614825887,-30.396321883827248,-73.0693344747615,23.854298482853554,37.69789804870545,8.803208292000907,6.267339461703328,LumA
TCGA-B6-A40C,-8.308123870931952,11.066920424898795,82.2156156262316,23.569676166852076,-44.17442557235021,-13.760079975395373,-11.908133452117925,-10.326141677310458,96.11285687084273,-22.350644039823855,LumA
TCGA-AC-A3EH,-121.56544362243852,-2.185056423833938,-28.642783258524016,10.084753477200707,-27.120889473438805,-75.37858270248377,0.9603732250656986,-54.85215086825347,15.0298514057085,-2.6491188633386193,LumA
TCGA-BH-A0HB,-137.66482078260682,-78.85211416451143,-13.696300516633404,-93.48607746127702,33.069148794032955,14.493000447061016,-25.491577545953376,-42.75822914485427,-64.9087309746403,22.714189598279653,LumA
TCGA-A2-A0YG,-43.87028117537832,60.21350605794496,-45.36285573931366,-87.43375714071378,10.334808879751339,-7.222773653633254,-35.32763285230327,-44.08043958354542,-29.974135767015255,18.58416820055592,LumB
TCGA-BH-A6R8,-121.83345836264303,27.837061783931993,134.49525008769987,-39.004885399767936,41.6113455146695,1.263395090705096,-36.75807631816645,62.045269223028605,17.08029821733425,11.554694947019453,LumA
TCGA-AR-A24T,80.65057638597116,23.249103537045603,-57.817500136902254,-3.698989003455386,11.236150321990381,-23.572988164212305,46.52895176884038,-29.211701196669264,-26.902618818963557,1.4262922218495133,LumA
TCGA-E2-A1B4,-103.35486079398012,3.9387198621091657,-8.920264532106776,112.21790405778293,-6.854019439257112,-72.88384393697241,39.712953475362994,26.920360071677706,-20.07566430119904,31.979166748075414,LumA
TCGA-AR-A1AL,167.9601590545156,11.258264061426559,-57.439606027335174,58.16944642335477,-14.76614369313838,-16.586482054650684,22.810722517292596,2.4874191308668636,-31.354077062002556,30.387348957132353,LumA
TCGA-E9-A5UO,-173.00540934514527,135.9581274276237,-47.02789128714972,85.65909004309331,-25.083146602090427,103.85254463589354,-60.006538546836296,43.41883978132201,22.285194302217086,16.00473483116522,LumB
TCGA-A7-A4SC,97.76449284497745,-3.739941373885868,-41.76830617698123,58.89460143607362,-90.39296505946353,-8.605098430207414,-19.971587503749944,-13.319379831900799,37.727489762124215,3.859561859308079,LumA
TCGA-S3-AA11,-5.7550224414163225,75.61517970837684,15.082844080737436,93.62002957657187,-106.04637562626685,-4.5491496215818525,-43.35526456192817,-70.62974405612805,-11.910604804752165,-5.178607113425182,LumA
TCGA-BH-A0BT,-30.830996706802882,23.38128649886134,34.26743557003886,3.0654703126832854,-9.956103558358457,-29.81555580772344,37.68861814531239,-44.53085519009586,-35.79537604224354,20.866464988385992,LumA
TCGA-B6-A0X5,-186.86105319031148,84.90941911798191,-39.485979098337246,3.7451149517702773,59.817170171913766,32.67467078463393,-7.948864934438569,55.539282010016656,-26.33175908390015,97.23374293999535,LumB
